"TIME","Temp.C"
2021-06-17 00:55:00,22.44
2021-06-17 01:55:00,22.32
2021-06-17 02:55:00,22.19
2021-06-17 03:55:00,21.99
2021-06-17 04:55:00,21.96
2021-06-17 05:55:00,21.84
2021-06-17 06:55:00,21.96
2021-06-17 07:55:00,22.2
2021-06-17 08:55:00,22.57
2021-06-17 09:55:00,23.04
2021-06-17 10:55:00,23.52
2021-06-17 11:55:00,24.01
2021-06-17 12:55:00,24.38
2021-06-17 13:55:00,24.73
2021-06-17 14:55:00,24.87
2021-06-17 15:55:00,24.86
2021-06-17 16:55:00,24.74
2021-06-17 17:55:00,24.49
2021-06-17 18:55:00,24.13
2021-06-17 19:55:00,23.77
2021-06-17 20:55:00,23.41
2021-06-17 21:55:00,23.05
2021-06-17 22:55:00,22.81
2021-06-18 00:53:00,22.44
2021-06-18 01:53:00,22.21
2021-06-18 02:53:00,22.08
2021-06-18 03:53:00,21.96
2021-06-18 04:53:00,21.84
2021-06-18 05:53:00,21.84
2021-06-18 06:53:00,21.84
2021-06-18 07:53:00,21.93
2021-06-18 08:53:00,22.08
2021-06-18 09:53:00,22.56
2021-06-18 10:53:00,23.04
2021-06-18 11:53:00,23.53
2021-06-18 12:53:00,24.01
2021-06-18 13:53:00,24.27
2021-06-18 14:53:00,24.49
2021-06-18 15:53:00,24.61
2021-06-18 16:53:00,24.48
2021-06-18 17:53:00,24.36
2021-06-18 18:53:00,24.01
2021-06-18 19:53:00,23.65
2021-06-18 20:53:00,23.29
2021-06-18 21:53:00,22.93
2021-06-18 22:53:00,22.69
2021-06-18 23:53:00,22.44
2021-06-19 00:53:00,22.23
2021-06-19 01:53:00,22.08
2021-06-19 02:53:00,21.96
2021-06-19 03:53:00,21.84
2021-06-19 04:53:00,21.72
2021-06-19 05:53:00,21.72
2021-06-19 06:53:00,21.72
2021-06-19 07:53:00,21.72
2021-06-19 08:53:00,21.95
2021-06-19 09:53:00,22.21
2021-06-19 10:53:00,22.69
2021-06-19 11:53:00,23.04
2021-06-19 12:53:00,23.42
2021-06-19 13:53:00,23.88
2021-06-19 14:53:00,24.13
2021-06-19 15:53:00,24.25
2021-06-19 16:53:00,24.13
2021-06-19 17:53:00,23.9
2021-06-19 18:53:00,23.65
2021-06-19 19:53:00,23.29
2021-06-19 20:53:00,23.04
2021-06-19 21:53:00,22.81
2021-06-19 22:53:00,22.57
2021-06-19 23:53:00,22.37
2021-06-20 00:53:00,22.2
2021-06-20 01:53:00,22.08
2021-06-20 02:53:00,21.84
2021-06-20 03:53:00,21.71
2021-06-20 04:53:00,21.6
2021-06-20 05:53:00,21.47
2021-06-20 06:53:00,21.59
2021-06-20 07:53:00,21.71
2021-06-20 08:53:00,21.83
2021-06-20 09:53:00,21.96
2021-06-20 10:53:00,22.32
2021-06-20 11:53:00,22.68
2021-06-20 12:53:00,22.93
2021-06-20 13:53:00,23.16
2021-06-20 14:53:00,23.41
2021-06-20 15:53:00,23.41
2021-06-20 16:53:00,23.41
2021-06-20 17:53:00,23.17
2021-06-20 18:53:00,23.04
2021-06-20 19:53:00,22.8
2021-06-20 20:53:00,22.46
2021-06-20 21:53:00,22.24
2021-06-20 22:53:00,22.08
2021-06-20 23:53:00,21.96
2021-06-21 00:53:00,21.84
2021-06-21 01:53:00,21.72
2021-06-21 02:53:00,21.67
2021-06-21 03:53:00,21.6
2021-06-21 04:53:00,21.55
2021-06-21 05:53:00,21.48
2021-06-21 06:53:00,21.6
2021-06-21 07:53:00,21.96
2021-06-21 08:53:00,22.2
2021-06-21 09:53:00,22.69
2021-06-21 10:53:00,23.05
2021-06-21 11:53:00,23.53
2021-06-21 12:53:00,23.53
2021-06-21 13:53:00,23.77
2021-06-21 14:53:00,24.01
2021-06-21 15:53:00,24.13
2021-06-21 16:53:00,24.14
2021-06-21 17:53:00,24.01
2021-06-21 18:53:00,23.77
2021-06-21 19:53:00,23.53
2021-06-21 20:53:00,23.29
2021-06-21 21:53:00,23.05
2021-06-21 22:53:00,22.92
2021-06-21 23:53:00,22.68
2021-06-22 00:53:00,22.56
2021-06-22 01:53:00,22.44
2021-06-22 02:53:00,22.31
2021-06-22 03:53:00,22.2
2021-06-22 04:53:00,22.08
2021-06-22 05:53:00,22.08
2021-06-22 06:53:00,22.08
2021-06-22 07:53:00,22.32
2021-06-22 08:53:00,22.56
2021-06-22 09:53:00,23.05
2021-06-22 10:53:00,23.65
2021-06-22 11:53:00,24.13
2021-06-22 12:53:00,24.61
2021-06-22 13:53:00,25.01
2021-06-22 14:53:00,25.33
2021-06-22 15:53:00,25.45
2021-06-22 16:53:00,25.28
2021-06-22 17:53:00,24.97
2021-06-22 18:53:00,24.61
2021-06-22 19:53:00,24.13
2021-06-22 20:53:00,23.77
2021-06-22 21:53:00,23.41
2021-06-22 22:53:00,23.1
2021-06-22 23:53:00,22.81
2021-06-23 00:53:00,22.57
2021-06-23 01:53:00,22.44
2021-06-23 02:53:00,22.2
2021-06-23 03:53:00,21.96
2021-06-23 04:53:00,21.84
2021-06-23 05:53:00,21.72
2021-06-23 06:53:00,21.72
2021-06-23 09:18:00,22.32
2021-06-23 10:18:00,22.81
2021-06-23 11:18:00,23.41
2021-06-23 12:18:00,23.89
2021-06-23 13:18:00,24.37
2021-06-23 14:18:00,24.49
2021-06-23 15:18:00,24.49
2021-06-23 16:18:00,24.5
2021-06-23 17:18:00,24.35
2021-06-23 18:18:00,24.02
2021-06-23 19:18:00,23.77
2021-06-23 20:18:00,23.42
2021-06-23 21:18:00,23.17
2021-06-23 22:18:00,22.93
2021-06-23 23:18:00,22.8
2021-06-24 00:18:00,22.57
2021-06-24 01:18:00,22.4
2021-06-24 02:18:00,22.21
2021-06-24 03:18:00,22.08
2021-06-24 04:18:00,21.96
2021-06-24 05:18:00,21.84
2021-06-24 06:18:00,21.84
2021-06-24 07:18:00,22.08
2021-06-24 08:18:00,22.36
2021-06-24 09:18:00,22.81
2021-06-24 10:18:00,22.93
2021-06-24 11:18:00,23.28
2021-06-24 12:18:00,23.77
2021-06-24 13:18:00,24.25
2021-06-24 14:18:00,24.61
2021-06-24 15:18:00,24.81
2021-06-24 16:18:00,24.63
2021-06-24 17:18:00,24.49
2021-06-24 18:18:00,24.13
2021-06-24 19:18:00,23.79
2021-06-24 20:18:00,23.44
2021-06-24 21:18:00,23.16
2021-06-24 22:18:00,22.82
2021-06-24 23:18:00,22.56
2021-06-25 00:18:00,22.29
2021-06-25 01:18:00,22.01
2021-06-25 02:18:00,21.84
2021-06-25 03:18:00,21.6
2021-06-25 04:18:00,21.48
2021-06-25 05:18:00,21.35
2021-06-25 06:18:00,21.29
2021-06-25 07:18:00,21.39
2021-06-25 08:18:00,21.72
2021-06-25 09:18:00,22.2
2021-06-25 10:18:00,22.8
2021-06-25 11:18:00,23.29
2021-06-25 12:18:00,23.79
2021-06-25 13:18:00,24.3
2021-06-25 14:18:00,24.62
2021-06-25 15:18:00,24.85
2021-06-25 16:18:00,24.85
2021-06-25 17:18:00,24.73
2021-06-25 18:18:00,24.37
2021-06-25 19:18:00,24.01
2021-06-25 20:18:00,23.63
2021-06-25 21:18:00,23.28
2021-06-25 22:18:00,22.93
2021-06-25 23:18:00,22.69
2021-06-26 00:18:00,22.44
2021-06-26 01:18:00,22.2
2021-06-26 02:18:00,21.98
2021-06-26 03:18:00,21.84
2021-06-26 04:18:00,21.68
2021-06-26 05:18:00,21.49
2021-06-26 06:18:00,21.48
2021-06-26 07:18:00,21.62
2021-06-26 08:18:00,21.96
2021-06-26 09:18:00,22.33
2021-06-26 10:18:00,22.83
2021-06-26 11:18:00,23.41
2021-06-26 12:18:00,23.89
2021-06-26 13:18:00,24.35
2021-06-26 14:18:00,24.62
2021-06-26 15:18:00,24.85
2021-06-26 16:18:00,24.73
2021-06-26 17:18:00,24.5
2021-06-26 18:18:00,24.13
2021-06-26 19:18:00,23.77
2021-06-26 20:18:00,23.41
2021-06-26 21:18:00,23.05
2021-06-26 22:18:00,22.81
2021-06-26 23:18:00,22.57
2021-06-27 00:18:00,22.34
2021-06-27 01:18:00,22.2
2021-06-27 02:18:00,21.96
2021-06-27 03:18:00,21.75
2021-06-27 04:18:00,21.6
2021-06-27 05:18:00,21.47
2021-06-27 06:18:00,21.47
2021-06-27 07:18:00,21.6
2021-06-27 08:18:00,21.96
2021-06-27 09:18:00,22.44
2021-06-27 10:18:00,22.93
2021-06-27 11:18:00,23.53
2021-06-27 12:18:00,24.01
2021-06-27 13:18:00,24.49
2021-06-27 14:18:00,24.85
2021-06-27 15:18:00,24.98
2021-06-27 16:18:00,24.97
2021-06-27 17:18:00,24.73
2021-06-27 18:18:00,24.36
2021-06-27 19:18:00,24.01
2021-06-27 20:18:00,23.6
2021-06-27 21:18:00,23.17
2021-06-27 22:18:00,22.81
2021-06-27 23:18:00,22.56
2021-06-28 00:18:00,22.21
2021-06-28 01:18:00,22.08
2021-06-28 02:18:00,21.84
2021-06-28 03:18:00,21.72
2021-06-28 04:18:00,21.6
2021-06-28 05:18:00,21.48
2021-06-28 06:18:00,21.47
2021-06-28 07:18:00,21.6
2021-06-28 08:18:00,21.96
2021-06-28 09:18:00,22.33
2021-06-28 10:18:00,22.89
2021-06-28 11:18:00,23.41
2021-06-28 12:18:00,23.89
2021-06-28 13:18:00,24.37
2021-06-28 14:18:00,24.59
2021-06-28 15:18:00,24.74
2021-06-28 16:18:00,24.68
2021-06-28 17:18:00,24.49
2021-06-28 18:18:00,24.25
2021-06-28 19:18:00,23.9
2021-06-28 20:18:00,23.56
2021-06-28 21:18:00,23.29
2021-06-28 22:18:00,22.96
2021-06-28 23:18:00,22.69
2021-06-29 00:18:00,22.56
2021-06-29 01:18:00,22.32
2021-06-29 02:18:00,22.21
2021-06-29 03:18:00,22.11
2021-06-29 04:18:00,22.08
2021-06-29 05:18:00,21.97
2021-06-29 06:18:00,21.96
2021-06-29 07:18:00,22.19
2021-06-29 08:18:00,22.44
2021-06-29 09:18:00,22.8
2021-06-29 10:18:00,23.05
2021-06-29 11:18:00,23.53
2021-06-29 12:18:00,23.65
2021-06-29 13:18:00,24.13
2021-06-29 14:18:00,24.49
2021-06-29 15:18:00,24.85
2021-06-29 16:18:00,24.85
2021-06-29 17:18:00,24.73
2021-06-29 18:18:00,24.46
2021-06-29 19:18:00,24.13
2021-06-29 20:18:00,23.77
2021-06-29 21:18:00,23.5
2021-06-29 22:18:00,23.17
2021-06-29 23:18:00,22.93
2021-06-30 00:18:00,22.68
2021-06-30 01:18:00,22.45
2021-06-30 02:18:00,22.32
2021-06-30 03:18:00,22.08
2021-06-30 04:18:00,21.96
2021-06-30 05:18:00,21.84
2021-06-30 06:18:00,21.83
2021-06-30 07:18:00,21.96
2021-06-30 08:18:00,22.32
2021-06-30 09:18:00,22.76
2021-06-30 14:59:00,25.22
2021-06-30 15:59:00,25.22
2021-06-30 16:59:00,25.09
2021-06-30 17:59:00,24.74
2021-06-30 18:59:00,24.37
2021-06-30 19:59:00,24.01
2021-06-30 20:59:00,23.65
2021-06-30 21:59:00,23.06
2021-06-30 22:59:00,22.69
2021-06-30 23:59:00,22.44
2021-07-01 00:59:00,22.08
2021-07-01 01:59:00,21.84
2021-07-01 02:59:00,21.61
2021-07-01 03:59:00,21.47
2021-07-01 04:59:00,21.22
2021-07-01 05:59:00,21.12
2021-07-01 06:59:00,21.24
2021-07-01 07:59:00,21.47
2021-07-01 08:59:00,21.96
2021-07-01 09:59:00,22.56
2021-07-01 10:59:00,23.15
2021-07-01 11:59:00,23.65
2021-07-01 12:59:00,24.13
2021-07-01 13:59:00,24.29
2021-07-01 14:59:00,24.53
2021-07-01 15:59:00,24.61
2021-07-01 16:59:00,24.58
2021-07-01 17:59:00,24.25
2021-07-01 18:59:00,23.89
2021-07-01 19:59:00,23.48
2021-07-01 20:59:00,23.06
2021-07-01 21:59:00,22.8
2021-07-01 22:59:00,22.44
2021-07-01 23:59:00,22.19
2021-07-02 00:59:00,21.96
2021-07-02 01:59:00,21.71
2021-07-02 02:59:00,21.58
2021-07-02 03:59:00,21.35
2021-07-02 04:59:00,21.23
2021-07-02 05:59:00,21.11
2021-07-02 06:59:00,21.24
2021-07-02 07:59:00,21.6
2021-07-02 08:59:00,21.96
2021-07-02 09:59:00,22.47
2021-07-02 10:59:00,23.05
2021-07-02 11:59:00,23.64
2021-07-02 12:59:00,24.13
2021-07-02 13:59:00,24.49
2021-07-02 14:59:00,24.73
2021-07-02 15:59:00,24.62
2021-07-02 16:59:00,24.62
2021-07-02 17:59:00,24.37
2021-07-02 18:59:00,24
2021-07-02 19:59:00,23.54
2021-07-02 20:59:00,23.17
2021-07-02 21:59:00,22.85
2021-07-02 22:59:00,22.56
2021-07-02 23:59:00,22.32
2021-07-03 00:59:00,22.08
2021-07-03 01:59:00,21.84
2021-07-03 02:59:00,21.6
2021-07-03 03:59:00,21.48
2021-07-03 04:59:00,21.35
2021-07-03 05:59:00,21.24
2021-07-03 06:59:00,21.36
2021-07-03 07:59:00,21.6
2021-07-03 08:59:00,22.07
2021-07-03 09:59:00,22.57
2021-07-03 10:59:00,23.17
2021-07-03 11:59:00,23.65
2021-07-03 12:59:00,24.13
2021-07-03 13:59:00,24.5
2021-07-03 14:59:00,24.98
2021-07-03 15:59:00,24.84
2021-07-03 16:59:00,24.73
2021-07-03 17:59:00,24.34
2021-07-03 18:59:00,23.94
2021-07-03 19:59:00,23.55
2021-07-03 20:59:00,23.29
2021-07-03 21:59:00,22.96
2021-07-03 22:59:00,22.75
2021-07-03 23:59:00,22.56
2021-07-04 00:59:00,22.36
2021-07-04 01:59:00,22.21
2021-07-04 02:59:00,22.14
2021-07-04 03:59:00,22.08
2021-07-04 04:59:00,21.96
2021-07-04 05:59:00,21.85
2021-07-04 06:59:00,21.96
2021-07-04 07:59:00,22.23
2021-07-04 08:59:00,22.56
2021-07-04 09:59:00,23.04
2021-07-04 10:59:00,23.41
2021-07-04 11:59:00,23.55
2021-07-04 12:59:00,23.77
2021-07-04 13:59:00,24.01
2021-07-04 14:59:00,24.34
2021-07-04 15:59:00,24.55
2021-07-04 16:59:00,24.62
2021-07-04 17:59:00,24.36
2021-07-04 18:59:00,24.12
2021-07-04 19:59:00,23.77
2021-07-04 20:59:00,23.49
2021-07-04 21:59:00,23.26
2021-07-04 22:59:00,23.05
2021-07-04 23:59:00,22.81
2021-07-05 00:59:00,22.56
2021-07-05 01:59:00,22.34
2021-07-05 02:59:00,22.2
2021-07-05 03:59:00,21.96
2021-07-05 04:59:00,21.84
2021-07-05 05:59:00,21.72
2021-07-05 06:59:00,21.84
2021-07-05 07:59:00,22.12
2021-07-05 08:59:00,22.46
2021-07-05 09:59:00,23.05
2021-07-05 10:59:00,23.65
2021-07-05 11:59:00,24.13
2021-07-05 12:59:00,24.6
2021-07-05 13:59:00,24.86
2021-07-05 14:59:00,25.1
2021-07-05 15:59:00,25.12
2021-07-05 16:59:00,25.08
2021-07-05 17:59:00,24.62
2021-07-05 18:59:00,24.25
2021-07-05 19:59:00,23.89
2021-07-05 20:59:00,23.53
2021-07-05 21:59:00,23.16
2021-07-05 22:59:00,22.93
2021-07-05 23:59:00,22.65
2021-07-06 00:59:00,22.34
2021-07-06 01:59:00,22.2
2021-07-06 02:59:00,21.96
2021-07-06 03:59:00,21.84
2021-07-06 04:59:00,21.61
2021-07-06 05:59:00,21.55
2021-07-06 06:59:00,21.62
2021-07-06 07:59:00,21.96
2021-07-06 08:59:00,22.35
2021-07-06 09:59:00,22.93
2021-07-06 10:59:00,23.53
2021-07-06 11:59:00,24.02
2021-07-06 12:59:00,24.49
2021-07-06 13:59:00,24.86
2021-07-06 14:59:00,25.12
2021-07-06 15:59:00,25.1
2021-07-06 16:59:00,24.97
2021-07-06 17:59:00,24.62
2021-07-06 18:59:00,24.25
2021-07-06 19:59:00,23.89
2021-07-06 20:59:00,23.53
2021-07-06 21:59:00,23.17
2021-07-06 22:59:00,22.93
2021-07-06 23:59:00,22.69
2021-07-07 00:59:00,22.44
2021-07-07 01:59:00,22.32
2021-07-07 02:59:00,22.2
2021-07-07 03:59:00,22.08
2021-07-07 04:59:00,21.96
2021-07-07 05:59:00,21.84
2021-07-07 06:59:00,21.85
2021-07-07 07:59:00,22.2
2021-07-07 08:59:00,22.57
2021-07-07 09:59:00,23.17
2021-07-07 10:59:00,23.77
2021-07-07 11:59:00,24.28
2021-07-07 12:59:00,24.86
2021-07-07 13:59:00,25.21
2021-07-07 15:35:00,25.49
2021-07-07 16:35:00,25.44
2021-07-07 17:35:00,25.21
2021-07-07 18:35:00,24.85
2021-07-07 19:35:00,24.49
2021-07-07 20:35:00,24.13
2021-07-07 21:35:00,23.77
2021-07-07 22:35:00,23.41
2021-07-07 23:35:00,23.18
2021-07-08 00:35:00,23.05
2021-07-08 01:35:00,22.92
2021-07-08 02:35:00,22.69
2021-07-08 03:35:00,22.56
2021-07-08 04:35:00,22.45
2021-07-08 05:35:00,22.33
2021-07-08 06:35:00,22.32
2021-07-08 07:35:00,22.21
2021-07-08 08:35:00,22.24
2021-07-08 09:35:00,22.57
2021-07-08 10:35:00,23.05
2021-07-08 11:35:00,23.65
2021-07-08 12:35:00,24.25
2021-07-08 13:35:00,24.73
2021-07-08 14:35:00,24.97
2021-07-08 15:35:00,24.97
2021-07-08 16:35:00,24.86
2021-07-08 17:35:00,24.73
2021-07-08 18:35:00,24.49
2021-07-08 19:35:00,24.25
2021-07-08 20:35:00,24.01
2021-07-08 21:35:00,23.67
2021-07-08 22:35:00,23.52
2021-07-08 23:35:00,23.28
2021-07-09 00:35:00,23.05
2021-07-09 01:35:00,22.8
2021-07-09 02:35:00,22.44
2021-07-09 03:35:00,22.2
2021-07-09 04:35:00,21.96
2021-07-09 05:35:00,21.84
2021-07-09 06:35:00,21.74
2021-07-09 07:35:00,21.95
2021-07-09 08:35:00,22.29
2021-07-09 09:35:00,22.69
2021-07-09 10:35:00,23.17
2021-07-09 11:35:00,23.76
2021-07-09 12:35:00,24.25
2021-07-09 13:35:00,24.73
2021-07-09 14:35:00,24.97
2021-07-09 15:35:00,24.99
2021-07-09 16:35:00,24.86
2021-07-09 17:35:00,24.61
2021-07-09 18:35:00,24.15
2021-07-09 19:35:00,23.77
2021-07-09 20:35:00,23.41
2021-07-09 21:35:00,23.17
2021-07-09 22:35:00,22.81
2021-07-09 23:35:00,22.57
2021-07-10 00:35:00,22.32
2021-07-10 01:35:00,22.08
2021-07-10 02:35:00,21.84
2021-07-10 03:35:00,21.66
2021-07-10 04:35:00,21.47
2021-07-10 05:35:00,21.35
2021-07-10 06:35:00,21.24
2021-07-10 07:35:00,21.44
2021-07-10 08:35:00,21.71
2021-07-10 09:35:00,22.1
2021-07-10 10:35:00,22.69
2021-07-10 11:35:00,23.29
2021-07-10 12:35:00,23.89
2021-07-10 13:35:00,24.25
2021-07-10 14:35:00,24.59
2021-07-10 15:35:00,24.69
2021-07-10 16:35:00,24.61
2021-07-10 17:35:00,24.37
2021-07-10 18:35:00,24.02
2021-07-10 19:35:00,23.66
2021-07-10 20:35:00,23.29
2021-07-10 21:35:00,23.01
2021-07-10 22:35:00,22.68
2021-07-10 23:35:00,22.44
2021-07-11 00:35:00,22.2
2021-07-11 01:35:00,21.96
2021-07-11 02:35:00,21.72
2021-07-11 03:35:00,21.59
2021-07-11 04:35:00,21.37
2021-07-11 05:35:00,21.35
2021-07-11 06:35:00,21.35
2021-07-11 07:35:00,21.48
2021-07-11 08:35:00,21.84
2021-07-11 09:35:00,22.32
2021-07-11 10:35:00,22.89
2021-07-11 11:35:00,23.42
2021-07-11 12:35:00,23.97
2021-07-11 13:35:00,24.37
2021-07-11 14:35:00,24.73
2021-07-11 15:35:00,24.81
2021-07-11 16:35:00,24.73
2021-07-11 17:35:00,24.5
2021-07-11 18:35:00,24.18
2021-07-11 19:35:00,23.77
2021-07-11 20:35:00,23.42
2021-07-11 21:35:00,23.16
2021-07-11 22:35:00,22.82
2021-07-11 23:35:00,22.56
2021-07-12 00:35:00,22.22
2021-07-12 01:35:00,21.98
2021-07-12 02:35:00,21.77
2021-07-12 03:35:00,21.6
2021-07-12 04:35:00,21.48
2021-07-12 05:35:00,21.36
2021-07-12 06:35:00,21.35
2021-07-12 07:35:00,21.48
2021-07-12 08:35:00,21.71
2021-07-12 09:35:00,22.2
2021-07-12 10:35:00,22.81
2021-07-12 11:35:00,23.41
2021-07-12 12:35:00,24.01
2021-07-13 09:05:00,22.46
2021-07-13 10:05:00,22.69
2021-07-13 11:05:00,23.17
2021-07-13 12:05:00,23.65
2021-07-13 13:05:00,24.01
2021-07-13 14:05:00,24.26
2021-07-13 15:05:00,24.39
2021-07-13 16:05:00,24.5
2021-07-13 17:05:00,24.37
2021-07-13 18:05:00,24.13
2021-07-13 19:05:00,23.89
2021-07-13 20:05:00,23.53
2021-07-13 21:05:00,23.18
2021-07-13 22:05:00,22.81
2021-07-13 23:05:00,22.45
2021-07-14 00:05:00,22.17
2021-07-14 01:05:00,21.86
2021-07-14 02:05:00,21.72
2021-07-14 03:05:00,21.58
2021-07-14 04:05:00,21.39
2021-07-14 05:05:00,21.36
2021-07-14 06:05:00,21.25
2021-07-14 07:05:00,21.36
2021-07-14 08:05:00,21.71
2021-07-14 09:05:00,22.05
2021-07-14 10:05:00,22.49
2021-07-14 11:05:00,23.05
2021-07-14 12:05:00,23.53
2021-07-14 13:05:00,23.89
2021-07-14 14:05:00,24.22
2021-07-14 16:00:00,24.49
2021-07-14 17:00:00,24.37
2021-07-14 18:00:00,24.01
2021-07-14 19:00:00,23.65
2021-07-14 20:00:00,23.19
2021-07-14 21:00:00,22.92
2021-07-14 22:00:00,22.57
2021-07-14 23:00:00,22.28
2021-07-15 00:00:00,21.98
2021-07-15 01:00:00,21.75
2021-07-15 02:00:00,21.59
2021-07-15 03:00:00,21.47
2021-07-15 04:00:00,21.36
2021-07-15 05:00:00,21.23
2021-07-15 06:00:00,21.15
2021-07-15 07:00:00,21.24
2021-07-15 08:00:00,21.6
2021-07-15 09:00:00,21.97
2021-07-15 10:00:00,22.45
2021-07-15 11:00:00,22.97
2021-07-15 12:00:00,23.51
2021-07-15 13:00:00,24.01
2021-07-15 14:00:00,24.37
2021-07-15 15:00:00,24.5
2021-07-15 16:00:00,24.5
2021-07-15 17:00:00,24.37
2021-07-15 18:00:00,24.02
2021-07-15 19:00:00,23.67
2021-07-15 20:00:00,23.31
2021-07-15 21:00:00,23.02
2021-07-15 22:00:00,22.69
2021-07-15 23:00:00,22.45
2021-07-16 00:00:00,22.23
2021-07-16 01:00:00,22.08
2021-07-16 02:00:00,21.9
2021-07-16 03:00:00,21.72
2021-07-16 04:00:00,21.6
2021-07-16 05:00:00,21.48
2021-07-16 06:00:00,21.47
2021-07-16 07:00:00,21.54
2021-07-16 08:00:00,21.72
2021-07-16 09:00:00,21.96
2021-07-16 10:00:00,22.19
2021-07-16 11:00:00,22.2
2021-07-16 12:00:00,22.44
2021-07-16 13:00:00,22.59
2021-07-16 14:00:00,22.94
2021-07-16 15:00:00,22.93
2021-07-16 16:00:00,23.08
2021-07-16 17:00:00,22.93
2021-07-16 18:00:00,22.69
2021-07-16 19:00:00,22.56
2021-07-16 20:00:00,22.32
2021-07-16 21:00:00,22.19
2021-07-16 22:00:00,21.96
2021-07-16 23:00:00,21.84
2021-07-17 00:00:00,21.72
2021-07-17 01:00:00,21.59
2021-07-17 02:00:00,21.47
2021-07-17 03:00:00,21.36
2021-07-17 04:00:00,21.25
2021-07-17 05:00:00,21.23
2021-07-17 06:00:00,21.15
2021-07-17 07:00:00,21.24
2021-07-17 08:00:00,21.35
2021-07-17 09:00:00,21.47
2021-07-17 10:00:00,21.59
2021-07-17 11:00:00,21.84
2021-07-17 12:00:00,22.2
2021-07-17 13:00:00,22.33
2021-07-17 14:00:00,22.44
2021-07-17 15:00:00,22.44
2021-07-17 16:00:00,22.44
2021-07-17 17:00:00,22.5
2021-07-17 18:00:00,22.44
2021-07-17 19:00:00,22.32
2021-07-17 20:00:00,22.08
2021-07-17 21:00:00,21.96
2021-07-17 22:00:00,21.84
2021-07-17 23:00:00,21.72
2021-07-18 00:00:00,21.6
2021-07-18 01:00:00,21.47
2021-07-18 02:00:00,21.38
2021-07-18 03:00:00,21.36
2021-07-18 04:00:00,21.23
2021-07-18 05:00:00,21.15
2021-07-18 06:00:00,21.11
2021-07-18 07:00:00,21.19
2021-07-18 08:00:00,21.36
2021-07-18 09:00:00,21.5
2021-07-18 10:00:00,21.84
2021-07-18 11:00:00,22.21
2021-07-18 12:00:00,22.33
2021-07-18 13:00:00,23.04
2021-07-18 14:00:00,23.53
2021-07-18 15:00:00,23.53
2021-07-18 16:00:00,23.53
2021-07-18 17:00:00,23.43
2021-07-18 18:00:00,23.23
2021-07-18 19:00:00,23.05
2021-07-18 20:00:00,22.81
2021-07-18 21:00:00,22.57
2021-07-18 22:00:00,22.44
2021-07-18 23:00:00,22.2
2021-07-19 00:00:00,22.08
2021-07-19 01:00:00,21.96
2021-07-19 02:00:00,21.8
2021-07-19 03:00:00,21.65
2021-07-19 04:00:00,21.6
2021-07-19 05:00:00,21.48
2021-07-19 06:00:00,21.48
2021-07-19 07:00:00,21.59
2021-07-19 08:00:00,21.72
2021-07-19 09:00:00,22.19
2021-07-19 10:00:00,22.69
2021-07-19 11:00:00,23.29
2021-07-19 12:00:00,23.89
2021-07-19 13:00:00,24.26
2021-07-19 14:00:00,24.49
2021-07-19 15:00:00,24.62
2021-07-19 16:00:00,24.39
2021-07-19 17:00:00,24.13
2021-07-19 18:00:00,23.98
2021-07-19 19:00:00,23.67
2021-07-19 20:00:00,23.41
2021-07-19 21:00:00,23.17
2021-07-19 22:00:00,22.82
2021-07-19 23:00:00,22.61
2021-07-20 00:00:00,22.43
2021-07-20 01:00:00,22.2
2021-07-20 02:00:00,21.96
2021-07-20 03:00:00,21.84
2021-07-20 04:00:00,21.72
2021-07-20 05:00:00,21.51
2021-07-20 06:00:00,21.47
2021-07-20 07:00:00,21.48
2021-07-20 08:00:00,21.83
2021-07-20 09:00:00,22.2
2021-07-20 10:00:00,22.68
2021-07-20 11:00:00,23.29
2021-07-20 12:00:00,23.78
2021-07-20 13:00:00,24.28
2021-07-20 14:00:00,24.68
2021-07-20 15:00:00,24.98
2021-07-20 16:00:00,24.85
2021-07-20 17:00:00,24.74
2021-07-20 18:00:00,24.37
2021-07-20 19:00:00,24.01
2021-07-20 20:00:00,23.65
2021-07-20 21:00:00,23.3
2021-07-20 22:00:00,23.05
2021-07-20 23:00:00,22.81
2021-07-21 00:00:00,22.56
2021-07-21 01:00:00,22.32
2021-07-21 02:00:00,22.09
2021-07-21 03:00:00,21.96
2021-07-21 04:00:00,21.83
2021-07-21 05:00:00,21.65
2021-07-21 06:00:00,21.59
2021-07-21 07:00:00,21.69
2021-07-21 08:00:00,21.96
2021-07-21 09:00:00,22.44
2021-07-21 10:00:00,22.93
2021-07-21 11:00:00,23.53
2021-07-21 12:00:00,24.04
2021-07-21 13:00:00,24.5
2021-07-21 14:00:00,24.96
2021-07-21 15:00:00,25.1
2021-07-21 16:00:00,25.09
2021-07-21 17:00:00,24.98
2021-07-21 18:00:00,24.62
2021-07-21 19:00:00,24.37
2021-07-21 20:00:00,24
2021-07-21 21:00:00,23.65
2021-07-21 22:00:00,23.29
2021-07-21 23:00:00,23.05
2021-07-22 00:00:00,22.81
2021-07-22 01:00:00,22.57
2021-07-22 02:00:00,22.44
2021-07-22 03:00:00,22.2
2021-07-22 04:00:00,22.08
2021-07-22 05:00:00,21.96
2021-07-22 06:00:00,21.84
2021-07-22 07:00:00,21.84
2021-07-22 08:00:00,22.08
2021-07-22 09:00:00,22.53
2021-07-22 10:00:00,23
2021-07-22 11:00:00,23.53
2021-07-22 12:00:00,24.13
2021-07-22 13:00:00,24.61
2021-07-22 14:00:00,24.97
2021-07-22 15:00:00,25.33
2021-07-22 16:00:00,25.26
2021-07-22 17:00:00,25.21
2021-07-22 18:00:00,24.97
2021-07-22 19:00:00,24.6
2021-07-22 20:00:00,24.16
2021-07-22 21:00:00,23.88
2021-07-22 22:00:00,23.53
2021-07-22 23:00:00,23.29
2021-07-23 00:00:00,23
2021-07-23 01:00:00,22.75
2021-07-23 02:00:00,22.56
2021-07-23 03:00:00,22.32
2021-07-23 04:00:00,22.2
2021-07-23 05:00:00,22.08
2021-07-23 06:00:00,21.96
2021-07-23 07:00:00,21.96
2021-07-23 08:00:00,22.2
2021-07-23 09:00:00,22.57
2021-07-23 10:00:00,23.16
2021-07-23 11:00:00,23.77
2021-07-23 12:00:00,24.25
2021-07-23 13:00:00,24.74
2021-07-23 14:00:00,25.1
2021-07-23 15:00:00,25.34
2021-07-23 16:00:00,25.33
2021-07-23 17:00:00,25.21
2021-07-23 18:00:00,24.85
2021-07-23 19:00:00,24.49
2021-07-23 20:00:00,24.13
2021-07-23 21:00:00,23.79
2021-07-23 22:00:00,23.53
2021-07-23 23:00:00,23.29
2021-07-24 00:00:00,23.05
2021-07-24 01:00:00,22.92
2021-07-24 02:00:00,22.68
2021-07-24 03:00:00,22.56
2021-07-24 04:00:00,22.32
2021-07-24 05:00:00,22.2
2021-07-24 06:00:00,22.08
2021-07-24 07:00:00,22.08
2021-07-24 08:00:00,22.32
2021-07-24 09:00:00,22.69
2021-07-24 10:00:00,23.08
2021-07-24 11:00:00,23.67
2021-07-24 12:00:00,24.13
2021-07-24 13:00:00,24.49
2021-07-24 14:00:00,24.85
2021-07-24 15:00:00,24.85
2021-07-24 16:00:00,24.73
2021-07-24 17:00:00,24.73
2021-07-24 18:00:00,24.57
2021-07-24 19:00:00,24.3
2021-07-24 20:00:00,24.01
2021-07-24 21:00:00,23.77
2021-07-24 22:00:00,23.42
2021-07-24 23:00:00,23.17
2021-07-25 00:00:00,22.85
2021-07-25 01:00:00,22.57
2021-07-25 02:00:00,22.33
2021-07-25 03:00:00,22.1
2021-07-25 04:00:00,21.95
2021-07-25 05:00:00,21.74
2021-07-25 06:00:00,21.71
2021-07-25 07:00:00,21.72
2021-07-25 08:00:00,21.83
2021-07-25 09:00:00,22.09
2021-07-25 10:00:00,22.35
2021-07-25 11:00:00,22.56
2021-07-25 12:00:00,22.69
2021-07-25 13:00:00,22.93
2021-07-25 14:00:00,23.18
2021-07-25 15:00:00,23.53
2021-07-25 16:00:00,23.53
2021-07-25 17:00:00,23.41
2021-07-25 18:00:00,23.28
2021-07-25 19:00:00,23.17
2021-07-25 20:00:00,22.94
2021-07-25 21:00:00,22.81
2021-07-25 22:00:00,22.69
2021-07-25 23:00:00,22.56
2021-07-26 00:00:00,22.44
2021-07-26 01:00:00,22.32
2021-07-26 02:00:00,22.32
2021-07-26 03:00:00,22.2
2021-07-26 04:00:00,22.2
2021-07-26 05:00:00,22.2
2021-07-26 06:00:00,22.1
2021-07-26 07:00:00,22.19
2021-07-26 08:00:00,22.2
2021-07-26 09:00:00,22.32
2021-07-26 10:00:00,22.44
2021-07-26 11:00:00,22.63
2021-07-26 12:00:00,22.77
2021-07-26 13:00:00,22.83
2021-07-26 14:00:00,22.86
2021-07-26 15:00:00,22.81
2021-07-26 16:00:00,22.93
2021-07-26 17:00:00,23.07
2021-07-26 18:00:00,23.05
2021-07-26 19:00:00,22.82
2021-07-26 20:00:00,22.8
2021-07-26 21:00:00,22.69
2021-07-26 22:00:00,22.56
2021-07-26 23:00:00,22.44
2021-07-27 00:00:00,22.32
2021-07-27 01:00:00,22.2
2021-07-27 02:00:00,22.08
2021-07-27 03:00:00,21.97
2021-07-27 04:00:00,21.96
2021-07-27 05:00:00,21.86
2021-07-27 06:00:00,21.87
2021-07-27 07:00:00,22.44
2021-07-27 08:00:00,22.09
2021-07-27 09:00:00,22.08
2021-07-27 10:00:00,22.08
2021-07-27 11:00:00,22.24
2021-07-27 12:00:00,22.68
2021-07-27 13:00:00,23.17
2021-07-27 14:00:00,23.77
2021-07-27 15:00:00,24.25
2021-07-27 16:00:00,24.37
2021-07-27 17:00:00,24.38
2021-07-27 18:00:00,24.25
2021-07-27 19:00:00,24.01
2021-07-27 20:00:00,23.77
2021-07-27 21:00:00,23.54
2021-07-27 22:00:00,23.41
2021-07-27 23:00:00,23.28
2021-07-28 00:00:00,23.17
2021-07-28 01:00:00,23.05
2021-07-28 02:00:00,22.92
2021-07-28 03:00:00,22.71
2021-07-28 04:00:00,22.67
2021-07-28 05:00:00,22.45
2021-07-28 06:00:00,22.43
2021-07-28 07:00:00,22.35
2021-07-28 08:00:00,22.58
2021-07-28 09:00:00,22.93
2021-07-28 10:00:00,23.3
2021-07-28 11:00:00,23.66
2021-07-28 12:00:00,24.34
2021-07-28 13:00:00,24.62
2021-07-28 14:00:00,24.85
2021-07-28 15:00:00,25.08
2021-07-28 16:00:00,24.97
2021-07-28 17:00:00,24.86
2021-07-28 18:00:00,24.69
2021-07-28 19:00:00,24.37
2021-07-28 20:00:00,24.01
2021-07-28 21:00:00,23.76
2021-07-28 22:00:00,23.4
2021-07-28 23:00:00,23.17
2021-07-29 00:00:00,22.93
2021-07-29 01:00:00,22.69
2021-07-29 02:00:00,22.45
2021-07-29 03:00:00,22.21
2021-07-29 04:00:00,22.08
2021-07-29 05:00:00,21.89
2021-07-29 06:00:00,21.83
2021-07-29 07:00:00,21.84
2021-07-29 08:00:00,22.1
2021-07-29 09:00:00,22.56
2021-07-29 10:00:00,23.05
2021-07-29 11:00:00,23.65
2021-07-29 12:00:00,24.25
2021-07-29 13:00:00,24.73
2021-07-29 14:00:00,25.21
2021-07-29 15:00:00,25.46
2021-07-29 16:00:00,25.46
2021-07-29 17:00:00,25.34
2021-07-29 18:00:00,24.98
2021-07-29 19:00:00,24.62
2021-07-29 20:00:00,24.26
2021-07-29 21:00:00,23.9
2021-07-29 22:00:00,23.65
2021-07-29 23:00:00,23.39
2021-07-30 00:00:00,23.17
2021-07-30 01:00:00,22.94
2021-07-30 02:00:00,22.81
2021-07-30 03:00:00,22.6
2021-07-30 04:00:00,22.45
2021-07-30 05:00:00,22.32
2021-07-30 06:00:00,22.21
2021-07-30 07:00:00,22.32
2021-07-30 08:00:00,22.56
2021-07-30 09:00:00,22.93
2021-07-30 10:00:00,23.32
2021-07-30 11:00:00,23.89
2021-07-30 12:00:00,24.39
2021-07-30 13:00:00,24.86
2021-07-30 14:00:00,25.22
2021-07-30 15:00:00,25.46
2021-07-30 16:00:00,25.45
2021-07-30 17:00:00,25.34
2021-07-30 18:00:00,25
2021-07-30 19:00:00,24.62
2021-07-30 20:00:00,24.26
2021-07-30 21:00:00,24.01
2021-07-30 22:00:00,23.65
2021-07-30 23:00:00,23.29
2021-07-31 00:00:00,23.05
2021-07-31 01:00:00,22.93
2021-07-31 02:00:00,22.81
2021-07-31 03:00:00,22.67
2021-07-31 04:00:00,22.53
2021-07-31 05:00:00,22.44
2021-07-31 06:00:00,22.33
2021-07-31 07:00:00,22.34
2021-07-31 08:00:00,22.56
2021-07-31 09:00:00,22.81
2021-07-31 10:00:00,23.29
2021-07-31 11:00:00,23.77
2021-07-31 12:00:00,24.37
2021-07-31 13:00:00,24.54
2021-07-31 14:00:00,24.85
2021-07-31 15:00:00,25.11
2021-07-31 16:00:00,25.09
2021-07-31 17:00:00,24.89
2021-07-31 18:00:00,24.72
2021-07-31 19:00:00,24.48
2021-07-31 20:00:00,24.13
2021-07-31 21:00:00,23.89
2021-07-31 22:00:00,23.65
2021-07-31 23:00:00,23.53
2021-08-01 00:00:00,23.4
2021-08-01 01:00:00,23.29
2021-08-01 02:00:00,23.17
2021-08-01 03:00:00,23.05
2021-08-01 04:00:00,22.92
2021-08-01 05:00:00,22.81
2021-08-01 06:00:00,22.7
2021-08-01 07:00:00,22.57
2021-08-01 08:00:00,22.69
2021-08-01 09:00:00,22.92
2021-08-01 10:00:00,23.41
2021-08-01 11:00:00,23.95
2021-08-01 12:00:00,24.38
2021-08-01 13:00:00,24.73
2021-08-01 14:00:00,24.98
2021-08-01 15:00:00,25.22
2021-08-01 16:00:00,25.09
2021-08-01 17:00:00,24.87
2021-08-01 18:00:00,24.5
2021-08-01 19:00:00,24.13
2021-08-01 20:00:00,23.66
2021-08-01 21:00:00,23.4
2021-08-01 22:00:00,23.06
2021-08-01 23:00:00,22.8
2021-08-02 00:00:00,22.45
2021-08-02 01:00:00,22.2
2021-08-02 02:00:00,21.97
2021-08-02 03:00:00,21.82
2021-08-02 04:00:00,21.6
2021-08-02 05:00:00,21.47
2021-08-02 06:00:00,21.35
2021-08-02 07:00:00,21.36
2021-08-02 08:00:00,21.61
2021-08-02 09:00:00,21.96
2021-08-02 10:00:00,22.45
2021-08-02 11:00:00,23.05
2021-08-02 12:00:00,23.53
2021-08-02 13:00:00,24.01
2021-08-02 14:00:00,24.25
2021-08-02 15:00:00,24.25
2021-08-02 16:00:00,24.13
2021-08-02 17:00:00,23.92
2021-08-02 18:00:00,23.65
2021-08-02 19:00:00,23.29
2021-08-02 20:00:00,23.04
2021-08-02 21:00:00,22.7
2021-08-02 22:00:00,22.45
2021-08-02 23:00:00,22.21
2021-08-03 00:00:00,21.99
2021-08-03 01:00:00,21.84
2021-08-03 02:00:00,21.62
2021-08-03 03:00:00,21.57
2021-08-03 04:00:00,21.48
2021-08-03 05:00:00,21.47
2021-08-03 06:00:00,21.37
2021-08-03 07:00:00,21.47
2021-08-03 08:00:00,21.6
2021-08-03 09:00:00,21.94
2021-08-03 10:00:00,22.22
2021-08-03 11:00:00,22.91
2021-08-03 12:00:00,23.41
2021-08-04 08:54:00,22
2021-08-04 09:54:00,22.33
2021-08-04 10:54:00,22.91
2021-08-04 11:54:00,23.41
2021-08-04 12:54:00,23.77
2021-08-04 13:54:00,24.01
2021-08-04 14:54:00,24.25
2021-08-04 15:54:00,24.31
2021-08-04 16:54:00,24.29
2021-08-04 17:54:00,24.01
2021-08-04 18:54:00,23.77
2021-08-04 19:54:00,23.41
2021-08-04 20:54:00,23.17
2021-08-04 21:54:00,23.05
2021-08-04 22:54:00,22.8
2021-08-04 23:54:00,22.56
2021-08-05 00:54:00,22.4
2021-08-05 01:54:00,22.2
2021-08-05 02:54:00,21.98
2021-08-05 03:54:00,21.84
2021-08-05 04:54:00,21.63
2021-08-05 05:54:00,21.55
2021-08-05 06:54:00,21.53
2021-08-05 07:54:00,21.84
2021-08-05 08:54:00,21.96
2021-08-05 09:54:00,22.32
2021-08-05 10:54:00,22.81
2021-08-05 11:54:00,23.17
2021-08-05 12:54:00,23.65
2021-08-05 13:54:00,24.01
2021-08-05 14:54:00,24.26
2021-08-05 15:54:00,24.25
2021-08-05 16:54:00,24
2021-08-05 17:54:00,23.67
2021-08-05 18:54:00,23.41
2021-08-05 19:54:00,23.05
2021-08-05 20:54:00,22.69
2021-08-05 21:54:00,22.32
2021-08-05 22:54:00,22.08
2021-08-05 23:54:00,21.84
2021-08-06 00:54:00,21.65
2021-08-06 01:54:00,21.48
2021-08-06 02:54:00,21.35
2021-08-06 03:54:00,21.23
2021-08-06 04:54:00,21.11
2021-08-06 05:54:00,20.99
2021-08-06 06:54:00,21.01
2021-08-06 07:54:00,21.24
2021-08-06 08:54:00,21.69
2021-08-06 09:54:00,22.2
2021-08-06 10:54:00,22.8
2021-08-06 11:54:00,23.3
2021-08-06 12:54:00,23.77
2021-08-06 13:54:00,24.13
2021-08-06 14:54:00,24.55
2021-08-06 15:54:00,24.49
2021-08-06 16:54:00,24.38
2021-08-06 17:54:00,24.13
2021-08-06 18:54:00,23.77
2021-08-06 19:54:00,23.42
2021-08-06 20:54:00,23.17
2021-08-06 21:54:00,22.83
2021-08-06 22:54:00,22.62
2021-08-06 23:54:00,22.44
2021-08-07 00:54:00,22.32
2021-08-07 01:54:00,22.2
2021-08-07 02:54:00,22.09
2021-08-07 03:54:00,21.99
2021-08-07 04:54:00,21.96
2021-08-07 05:54:00,21.84
2021-08-07 06:54:00,21.84
2021-08-07 07:54:00,21.96
2021-08-07 08:54:00,22.32
2021-08-07 09:54:00,22.81
2021-08-07 10:54:00,23.4
2021-08-07 11:54:00,23.89
2021-08-07 12:54:00,24.25
2021-08-07 13:54:00,24.53
2021-08-07 14:54:00,24.85
2021-08-07 15:54:00,24.85
2021-08-07 16:54:00,24.85
2021-08-07 17:54:00,24.54
2021-08-07 18:54:00,24.25
2021-08-07 19:54:00,23.89
2021-08-07 20:54:00,23.54
2021-08-07 21:54:00,23.29
2021-08-07 22:54:00,23.05
2021-08-07 23:54:00,22.93
2021-08-08 00:54:00,22.69
2021-08-08 01:54:00,22.56
2021-08-08 02:54:00,22.45
2021-08-08 03:54:00,22.44
2021-08-08 04:54:00,22.33
2021-08-08 05:54:00,22.32
2021-08-08 06:54:00,22.33
2021-08-08 07:54:00,22.44
2021-08-08 08:54:00,22.56
2021-08-08 09:54:00,23.05
2021-08-08 10:54:00,23.65
2021-08-08 11:54:00,24.13
2021-08-08 12:54:00,24.62
2021-08-08 13:54:00,24.86
2021-08-08 14:54:00,24.97
2021-08-08 15:54:00,24.85
2021-08-08 16:54:00,24.54
2021-08-08 17:54:00,24.36
2021-08-08 18:54:00,24.01
2021-08-08 19:54:00,23.77
2021-08-08 20:54:00,23.53
2021-08-08 21:54:00,23.29
2021-08-08 22:54:00,23.05
2021-08-08 23:54:00,22.93
2021-08-09 00:54:00,22.8
2021-08-09 01:54:00,22.67
2021-08-09 02:54:00,22.56
2021-08-09 03:54:00,22.44
2021-08-09 04:54:00,22.32
2021-08-09 05:54:00,22.32
2021-08-09 06:54:00,22.32
2021-08-09 07:54:00,22.55
2021-08-09 08:54:00,22.79
2021-08-09 09:54:00,23.17
2021-08-09 10:54:00,23.54
2021-08-09 11:54:00,23.77
2021-08-09 12:54:00,24.13
2021-08-09 13:54:00,24.37
2021-08-09 14:54:00,24.36
2021-08-09 15:54:00,24.37
2021-08-09 16:54:00,24.35
2021-08-09 17:54:00,24.13
2021-08-09 18:54:00,23.89
2021-08-09 19:54:00,23.58
2021-08-09 20:54:00,23.32
2021-08-09 21:54:00,23.08
2021-08-09 22:54:00,22.93
2021-08-09 23:54:00,22.81
2021-08-10 00:54:00,22.69
2021-08-10 01:54:00,22.56
2021-08-10 02:54:00,22.56
2021-08-10 03:54:00,22.44
2021-08-10 04:54:00,22.41
2021-08-10 05:54:00,22.32
2021-08-10 06:54:00,22.32
2021-08-10 08:45:00,22.58
2021-08-10 09:45:00,23.02
2021-08-10 10:45:00,23.41
2021-08-10 11:45:00,23.89
2021-08-10 12:45:00,24.25
2021-08-10 13:45:00,24.5
2021-08-10 14:45:00,24.61
2021-08-10 15:45:00,24.57
2021-08-10 16:45:00,24.38
2021-08-10 17:45:00,24.13
2021-08-10 18:45:00,23.89
2021-08-10 19:45:00,23.54
2021-08-10 20:45:00,23.29
2021-08-10 21:45:00,23.05
2021-08-10 22:45:00,22.92
2021-08-10 23:45:00,22.75
2021-08-11 00:45:00,22.68
2021-08-11 01:45:00,22.56
2021-08-11 02:45:00,22.44
2021-08-11 03:45:00,22.32
2021-08-11 04:45:00,22.2
2021-08-11 05:45:00,22.09
2021-08-11 06:45:00,22.08
2021-08-11 07:45:00,22.2
2021-08-11 08:45:00,22.44
2021-08-11 09:45:00,22.81
2021-08-11 10:45:00,23.4
2021-08-11 11:45:00,23.89
2021-08-11 12:45:00,24.25
2021-08-11 13:45:00,24.61
2021-08-11 14:45:00,24.88
2021-08-11 15:45:00,24.94
2021-08-11 16:45:00,24.85
2021-08-11 17:45:00,24.61
2021-08-11 18:45:00,24.25
2021-08-11 19:45:00,24
2021-08-11 20:45:00,23.65
2021-08-11 21:45:00,23.41
2021-08-11 22:45:00,23.17
2021-08-11 23:45:00,23.02
2021-08-12 00:45:00,22.8
2021-08-12 01:45:00,22.57
2021-08-12 02:45:00,22.44
2021-08-12 03:45:00,22.22
2021-08-12 04:45:00,22.08
2021-08-12 05:45:00,21.96
2021-08-12 06:45:00,21.95
2021-08-12 07:45:00,22.08
2021-08-12 08:45:00,22.44
2021-08-12 09:45:00,22.81
2021-08-12 10:45:00,23.28
2021-08-12 11:45:00,23.7
2021-08-12 12:45:00,24.14
2021-08-12 13:45:00,24.49
2021-08-12 14:45:00,24.75
2021-08-12 15:45:00,24.86
2021-08-12 16:45:00,24.73
2021-08-12 17:45:00,24.37
2021-08-12 18:45:00,24.01
2021-08-12 19:45:00,23.65
2021-08-12 20:45:00,23.42
2021-08-12 21:45:00,23.17
2021-08-12 22:45:00,23.05
2021-08-12 23:45:00,22.8
2021-08-13 00:45:00,22.69
2021-08-13 01:45:00,22.44
2021-08-13 02:45:00,22.32
2021-08-13 03:45:00,22.2
2021-08-13 04:45:00,22.08
2021-08-13 05:45:00,21.96
2021-08-13 06:45:00,21.96
2021-08-13 07:45:00,22.08
2021-08-13 08:45:00,22.44
2021-08-13 09:45:00,22.93
2021-08-13 10:45:00,23.41
2021-08-13 11:45:00,23.89
2021-08-13 12:45:00,24.37
2021-08-13 13:45:00,24.63
2021-08-13 14:45:00,24.98
2021-08-13 15:45:00,24.98
2021-08-13 16:45:00,24.97
2021-08-13 17:45:00,24.63
2021-08-13 18:45:00,24.27
2021-08-13 19:45:00,24
2021-08-13 20:45:00,23.65
2021-08-13 21:45:00,23.29
2021-08-13 22:45:00,23.05
2021-08-13 23:45:00,22.93
2021-08-14 00:45:00,22.69
2021-08-14 01:45:00,22.56
2021-08-14 02:45:00,22.4
2021-08-14 03:45:00,22.2
2021-08-14 04:45:00,22.08
2021-08-14 05:45:00,21.97
2021-08-14 06:45:00,21.96
2021-08-14 07:45:00,22.2
2021-08-14 08:45:00,22.45
2021-08-14 09:45:00,22.92
2021-08-14 10:45:00,23.41
2021-08-14 11:45:00,23.89
2021-08-14 12:45:00,24.27
2021-08-14 13:45:00,24.61
2021-08-14 14:45:00,24.85
2021-08-14 15:45:00,24.97
2021-08-14 16:45:00,24.86
2021-08-14 17:45:00,24.72
2021-08-14 18:45:00,24.37
2021-08-14 19:45:00,24.01
2021-08-14 20:45:00,23.65
2021-08-14 21:45:00,23.41
2021-08-14 22:45:00,23.16
2021-08-14 23:45:00,22.92
2021-08-15 00:45:00,22.69
2021-08-15 01:45:00,22.47
2021-08-15 02:45:00,22.32
2021-08-15 03:45:00,22.1
2021-08-15 04:45:00,21.96
2021-08-15 05:45:00,21.83
2021-08-15 06:45:00,21.84
2021-08-15 07:45:00,22.03
2021-08-15 08:45:00,22.32
2021-08-15 09:45:00,22.81
2021-08-15 10:45:00,23.28
2021-08-15 11:45:00,23.89
2021-08-15 12:45:00,24.37
2021-08-15 13:45:00,24.73
2021-08-15 14:45:00,24.97
2021-08-15 15:45:00,25.09
2021-08-15 16:45:00,24.85
2021-08-15 17:45:00,24.61
2021-08-15 18:45:00,24.17
2021-08-15 19:45:00,23.77
2021-08-15 20:45:00,23.41
2021-08-15 21:45:00,23.08
2021-08-15 22:45:00,22.93
2021-08-15 23:45:00,22.7
2021-08-16 00:45:00,22.62
2021-08-16 01:45:00,22.55
2021-08-16 02:45:00,22.44
2021-08-16 03:45:00,22.34
2021-08-16 04:45:00,22.32
2021-08-16 05:45:00,22.2
2021-08-16 06:45:00,22.2
2021-08-16 07:45:00,22.32
2021-08-16 08:45:00,22.69
2021-08-16 09:45:00,23.05
2021-08-16 10:45:00,23.53
2021-08-16 11:45:00,24.01
2021-08-16 12:45:00,24.49
2021-08-16 13:45:00,24.75
2021-08-16 14:45:00,25.09
2021-08-16 16:28:00,24.86
2021-08-16 17:28:00,24.61
2021-08-16 18:28:00,24.37
2021-08-16 19:28:00,24.01
2021-08-16 20:28:00,23.77
2021-08-16 21:28:00,23.53
2021-08-16 22:28:00,23.36
2021-08-16 23:28:00,23.17
2021-08-17 00:28:00,23.04
2021-08-17 01:28:00,22.81
2021-08-17 02:28:00,22.69
2021-08-17 03:28:00,22.57
2021-08-17 04:28:00,22.44
2021-08-17 05:28:00,22.32
2021-08-17 06:28:00,22.2
2021-08-17 07:28:00,22.32
2021-08-17 08:28:00,22.56
2021-08-17 09:28:00,22.84
2021-08-17 10:28:00,23.28
2021-08-17 11:28:00,23.77
2021-08-17 12:28:00,24.14
2021-08-17 13:28:00,24.49
2021-08-17 14:28:00,24.74
2021-08-17 15:28:00,24.85
2021-08-17 16:28:00,24.73
2021-08-17 17:28:00,24.5
2021-08-17 18:28:00,24.15
2021-08-17 19:28:00,23.89
2021-08-17 20:28:00,23.53
2021-08-17 21:28:00,23.28
2021-08-17 22:28:00,23.05
2021-08-17 23:28:00,22.81
2021-08-18 00:28:00,22.68
2021-08-18 01:28:00,22.51
2021-08-18 02:28:00,22.33
2021-08-18 03:28:00,22.2
2021-08-18 04:28:00,22.08
2021-08-18 05:28:00,21.96
2021-08-18 06:28:00,21.96
2021-08-18 07:28:00,21.97
2021-08-18 08:28:00,22.21
2021-08-18 09:28:00,22.59
2021-08-18 10:28:00,23.04
2021-08-18 11:28:00,23.53
2021-08-18 12:28:00,24.01
2021-08-18 13:28:00,24.37
2021-08-18 14:28:00,24.61
2021-08-18 15:28:00,24.73
2021-08-18 16:28:00,24.74
2021-08-18 17:28:00,24.49
2021-08-18 18:28:00,24.2
2021-08-18 19:28:00,23.89
2021-08-18 20:28:00,23.64
2021-08-18 21:28:00,23.29
2021-08-18 22:28:00,23.07
2021-08-18 23:28:00,22.89
2021-08-19 00:28:00,22.68
2021-08-19 01:28:00,22.44
2021-08-19 02:28:00,22.2
2021-08-19 03:28:00,22.08
2021-08-19 04:28:00,21.96
2021-08-19 05:28:00,21.84
2021-08-19 06:28:00,21.72
2021-08-19 07:28:00,21.79
2021-08-19 08:28:00,22.08
2021-08-19 09:28:00,22.32
2021-08-19 10:28:00,22.86
2021-08-19 11:28:00,23.52
2021-08-19 12:28:00,24.02
2021-08-19 13:28:00,24.49
2021-08-19 14:28:00,24.73
2021-08-19 15:28:00,24.97
2021-08-19 16:28:00,24.98
2021-08-19 17:28:00,24.73
2021-08-19 18:28:00,24.26
2021-08-19 19:28:00,23.89
2021-08-19 20:28:00,23.56
2021-08-19 21:28:00,23.29
2021-08-19 22:28:00,23.04
2021-08-19 23:28:00,22.8
2021-08-20 00:28:00,22.56
2021-08-20 01:28:00,22.44
2021-08-20 02:28:00,22.2
2021-08-20 03:28:00,22.08
2021-08-20 04:28:00,21.96
2021-08-20 05:28:00,21.84
2021-08-20 06:28:00,21.83
2021-08-20 07:28:00,21.86
2021-08-20 08:28:00,22.2
2021-08-20 09:28:00,22.56
2021-08-20 10:28:00,23.16
2021-08-20 11:28:00,23.77
2021-08-20 12:28:00,24.38
2021-08-20 13:28:00,24.73
2021-08-20 14:28:00,24.97
2021-08-20 16:07:00,24.98
2021-08-20 18:22:00,24.37
2021-08-20 19:22:00,23.93
2021-08-20 20:22:00,23.55
2021-08-20 21:22:00,23.28
2021-08-20 22:22:00,22.93
2021-08-20 23:22:00,22.69
2021-08-21 00:22:00,22.54
2021-08-21 01:22:00,22.32
2021-08-21 02:22:00,22.2
2021-08-21 03:22:00,22.04
2021-08-21 04:22:00,21.88
2021-08-21 05:22:00,21.75
2021-08-21 06:22:00,21.72
2021-08-21 07:22:00,21.75
2021-08-21 08:22:00,22.08
2021-08-21 09:22:00,22.44
2021-08-21 10:22:00,22.83
2021-08-21 11:22:00,23.41
2021-08-21 12:22:00,23.89
2021-08-21 13:22:00,24.25
2021-08-21 14:22:00,24.5
2021-08-21 15:22:00,24.61
2021-08-21 16:22:00,24.62
2021-08-21 17:22:00,24.41
2021-08-21 18:22:00,24.09
2021-08-21 19:22:00,23.75
2021-08-21 20:22:00,23.41
2021-08-21 21:22:00,23.17
2021-08-21 22:22:00,22.93
2021-08-21 23:22:00,22.68
2021-08-22 00:22:00,22.45
2021-08-22 01:22:00,22.3
2021-08-22 02:22:00,22.08
2021-08-22 03:22:00,21.87
2021-08-22 05:40:00,21.53
2021-08-22 06:40:00,21.48
2021-08-22 07:40:00,21.6
2021-08-22 08:40:00,21.84
2021-08-22 09:40:00,22.22
2021-08-22 10:40:00,22.79
2021-08-22 11:40:00,23.29
2021-08-22 12:40:00,23.77
2021-08-22 14:01:00,24.25
2021-08-22 15:01:00,24.49
2021-08-22 16:01:00,24.37
2021-08-22 17:01:00,24.25
2021-08-22 18:01:00,24.01
2021-08-22 19:01:00,23.65
2021-08-22 20:01:00,23.41
2021-08-22 21:01:00,23.1
2021-08-22 22:01:00,22.83
2021-08-22 23:01:00,22.68
2021-08-23 00:01:00,22.45
2021-08-23 01:01:00,22.32
2021-08-23 02:01:00,22.2
2021-08-23 03:01:00,22.08
2021-08-23 04:01:00,22.07
2021-08-23 05:01:00,21.95
2021-08-23 06:01:00,21.96
2021-08-23 07:01:00,21.96
2021-08-23 08:01:00,22.2
2021-08-23 09:01:00,22.46
2021-08-23 10:01:00,22.93
2021-08-23 11:01:00,23.41
2021-08-23 12:01:00,23.89
2021-08-23 13:01:00,24.25
2021-08-23 14:01:00,24.49
2021-08-23 15:01:00,24.73
2021-08-23 17:19:00,24.49
2021-08-23 18:19:00,24.14
2021-08-23 19:19:00,23.77
2021-08-23 20:19:00,23.41
2021-08-23 21:19:00,23.05
2021-08-23 22:19:00,22.8
2021-08-23 23:19:00,22.59
2021-08-24 00:19:00,22.45
2021-08-24 01:19:00,22.31
2021-08-24 02:19:00,22.1
2021-08-24 03:19:00,21.98
2021-08-24 04:19:00,21.87
2021-08-24 05:19:00,21.83
2021-08-24 06:19:00,21.73
2021-08-24 07:19:00,21.84
2021-08-24 08:19:00,21.97
2021-08-24 09:19:00,22.21
2021-08-24 10:19:00,22.61
2021-08-24 11:19:00,23.17
2021-08-24 12:19:00,23.71
2021-08-24 13:19:00,24.01
2021-08-24 14:19:00,24.13
2021-08-24 15:19:00,24.26
2021-08-24 16:19:00,24.14
2021-08-24 17:19:00,23.89
2021-08-24 18:19:00,23.54
2021-08-24 19:19:00,23.29
2021-08-24 20:19:00,22.93
2021-08-24 21:19:00,22.69
2021-08-24 22:19:00,22.44
2021-08-24 23:19:00,22.2
2021-08-25 00:19:00,22.08
2021-08-25 01:19:00,21.91
2021-08-25 02:19:00,21.73
2021-08-25 03:19:00,21.6
2021-08-25 04:19:00,21.48
2021-08-25 05:19:00,21.36
2021-08-25 06:19:00,21.24
2021-08-25 07:19:00,21.36
2021-08-25 08:19:00,21.6
2021-08-25 09:19:00,21.96
2021-08-25 10:19:00,22.32
2021-08-25 11:19:00,22.81
2021-08-25 12:19:00,23.29
2021-08-25 13:19:00,23.65
2021-08-25 14:19:00,23.76
2021-08-25 15:19:00,23.84
2021-08-25 16:19:00,23.65
2021-08-25 17:19:00,23.5
2021-08-25 18:19:00,23.18
2021-08-25 19:19:00,22.93
2021-08-25 20:19:00,22.75
2021-08-25 21:19:00,22.57
2021-08-25 22:19:00,22.45
2021-08-25 23:19:00,22.2
2021-08-26 00:19:00,22.09
2021-08-26 01:19:00,21.96
2021-08-26 02:19:00,21.78
2021-08-26 03:19:00,21.62
2021-08-26 04:19:00,21.49
2021-08-26 05:19:00,21.37
2021-08-26 06:19:00,21.35
2021-08-26 07:19:00,21.36
2021-08-26 08:19:00,21.7
2021-08-26 09:19:00,22.02
2021-08-26 10:19:00,22.56
2021-08-26 11:19:00,23.04
2021-08-26 12:19:00,23.44
2021-08-26 13:19:00,23.78
2021-08-26 14:19:00,24.13
2021-08-26 15:19:00,24.38
2021-08-26 16:19:00,24.25
2021-08-26 17:19:00,24.07
2021-08-26 18:19:00,23.77
2021-08-26 19:19:00,23.41
2021-08-26 20:19:00,23.16
2021-08-26 21:19:00,22.81
2021-08-26 22:19:00,22.57
2021-08-26 23:19:00,22.44
2021-08-27 00:19:00,22.2
2021-08-27 01:19:00,22.08
2021-08-27 02:19:00,21.96
2021-08-27 03:19:00,21.84
2021-08-27 04:19:00,21.72
2021-08-27 05:19:00,21.59
2021-08-27 06:19:00,21.6
2021-08-27 07:19:00,21.6
2021-08-27 08:19:00,21.91
2021-08-27 09:19:00,22.31
2021-08-27 10:19:00,22.7
2021-08-27 11:19:00,23.25
2021-08-27 12:19:00,23.77
2021-08-27 13:19:00,24.13
2021-08-27 14:19:00,24.47
2021-08-27 15:19:00,24.61
2021-08-27 16:19:00,24.49
2021-08-27 17:19:00,24.25
2021-08-27 18:19:00,23.89
2021-08-27 19:19:00,23.53
2021-08-27 20:19:00,23.29
2021-08-27 21:19:00,22.93
2021-08-27 22:19:00,22.72
2021-08-27 23:19:00,22.56
2021-08-28 00:19:00,22.32
2021-08-28 01:19:00,22.2
2021-08-28 02:19:00,22.08
2021-08-28 03:19:00,21.96
2021-08-28 04:19:00,21.84
2021-08-28 05:19:00,21.72
2021-08-28 06:19:00,21.6
2021-08-28 07:19:00,21.61
2021-08-28 08:19:00,21.96
2021-08-28 09:19:00,22.21
2021-08-28 10:19:00,22.69
2021-08-28 11:19:00,23.17
2021-08-28 12:19:00,23.53
2021-08-28 13:19:00,23.89
2021-08-28 14:19:00,24.12
2021-08-28 15:19:00,24.19
2021-08-28 16:19:00,23.89
2021-08-28 17:19:00,23.53
2021-08-28 18:19:00,23.17
2021-08-28 19:19:00,22.82
2021-08-28 20:19:00,22.46
2021-08-28 21:19:00,22.2
2021-08-28 22:19:00,21.84
2021-08-28 23:19:00,21.69
2021-08-29 00:19:00,21.48
2021-08-29 01:19:00,21.24
2021-08-29 02:19:00,21.11
2021-08-29 03:19:00,20.89
2021-08-29 04:19:00,20.8
2021-08-29 05:19:00,20.69
2021-08-29 06:19:00,20.63
2021-08-29 07:19:00,20.63
2021-08-29 08:19:00,20.99
2021-08-29 09:19:00,21.26
2021-08-29 10:19:00,21.73
2021-08-29 11:19:00,22.22
2021-08-29 12:19:00,22.68
2021-08-29 13:19:00,23.05
2021-08-29 14:19:00,23.29
2021-08-29 15:19:00,23.45
2021-08-29 16:19:00,23.4
2021-08-29 17:19:00,23.16
2021-08-29 18:19:00,22.81
2021-08-29 19:19:00,22.56
2021-08-29 20:19:00,22.21
2021-08-29 21:19:00,21.97
2021-08-29 22:19:00,21.84
2021-08-29 23:19:00,21.62
2021-08-30 00:19:00,21.48
2021-08-30 01:19:00,21.34
2021-08-30 02:19:00,21.11
2021-08-30 03:19:00,20.99
2021-08-30 04:19:00,20.87
2021-08-30 05:19:00,20.73
2021-08-30 06:19:00,20.63
2021-08-30 07:19:00,20.63
2021-08-30 08:19:00,20.87
2021-08-30 09:19:00,21.24
2021-08-30 10:19:00,21.72
2021-08-30 11:19:00,22.22
2021-08-30 12:19:00,22.8
2021-08-30 13:19:00,23.17
2021-08-30 14:19:00,23.47
2021-08-30 15:19:00,23.65
2021-08-30 16:19:00,23.57
2021-08-30 17:19:00,23.41
2021-08-30 18:19:00,23.08
2021-08-30 19:19:00,22.81
2021-08-30 20:19:00,22.49
2021-08-30 21:19:00,22.24
2021-08-30 22:19:00,22.08
2021-08-30 23:19:00,21.84
2021-08-31 00:19:00,21.64
2021-08-31 01:19:00,21.48
2021-08-31 02:19:00,21.36
2021-08-31 03:19:00,21.24
2021-08-31 04:19:00,21.12
2021-08-31 05:19:00,21.09
2021-08-31 06:19:00,20.99
2021-08-31 07:19:00,21.01
2021-08-31 08:19:00,21.35
2021-08-31 09:19:00,21.72
2021-08-31 10:19:00,22.09
2021-08-31 11:19:00,22.56
2021-08-31 12:19:00,22.93
2021-08-31 13:19:00,23.39
2021-08-31 14:19:00,23.65
2021-08-31 15:19:00,23.88
2021-08-31 16:19:00,23.8
2021-08-31 17:19:00,23.65
2021-08-31 18:19:00,23.3
2021-08-31 19:19:00,23.04
2021-08-31 20:19:00,22.69
2021-08-31 21:19:00,22.44
2021-08-31 22:19:00,22.21
2021-08-31 23:19:00,22.08
2021-09-01 00:19:00,21.96
2021-09-01 01:19:00,21.73
2021-09-01 02:19:00,21.6
2021-09-01 03:19:00,21.46
2021-09-01 04:19:00,21.27
2021-09-01 05:19:00,21.16
2021-09-01 06:19:00,21.11
2021-09-01 07:19:00,21.11
2021-09-01 08:19:00,21.47
2021-09-01 09:19:00,21.72
2021-09-01 10:19:00,22.2
2021-09-01 11:19:00,22.68
2021-09-01 12:19:00,23.17
2021-09-01 13:19:00,23.53
2021-09-01 14:19:00,23.78
2021-09-01 15:19:00,23.89
2021-09-01 16:19:00,23.76
2021-09-01 17:19:00,23.53
2021-09-01 18:19:00,23.28
2021-09-01 19:19:00,22.93
2021-09-01 20:19:00,22.69
2021-09-01 21:19:00,22.46
2021-09-01 22:19:00,22.32
2021-09-01 23:19:00,22.08
2021-09-02 00:19:00,21.84
2021-09-02 01:19:00,21.72
2021-09-02 02:19:00,21.48
2021-09-02 03:19:00,21.35
2021-09-02 04:19:00,21.23
2021-09-02 05:19:00,21.11
2021-09-02 06:19:00,20.99
2021-09-02 07:19:00,21.08
2021-09-02 08:19:00,21.35
2021-09-02 09:19:00,21.6
2021-09-02 10:19:00,22.08
2021-09-02 11:19:00,22.56
2021-09-02 12:19:00,23.04
2021-09-02 13:19:00,23.06
2021-09-02 14:19:00,23.53
2021-09-02 15:19:00,23.65
2021-09-02 16:19:00,23.55
2021-09-02 17:19:00,23.41
2021-09-02 18:19:00,23.17
2021-09-02 19:19:00,22.93
2021-09-02 20:19:00,22.78
2021-09-02 21:19:00,22.56
2021-09-02 22:19:00,22.43
2021-09-02 23:19:00,22.2
2021-09-03 00:19:00,22.05
2021-09-03 01:19:00,21.84
2021-09-03 02:19:00,21.69
2021-09-03 03:19:00,21.49
2021-09-03 04:19:00,21.36
2021-09-03 05:19:00,21.23
2021-09-03 06:19:00,21.22
2021-09-03 07:19:00,21.23
2021-09-03 08:19:00,21.37
2021-09-03 09:19:00,21.49
2021-09-03 10:19:00,21.9
2021-09-03 12:03:00,22.68
2021-09-03 13:03:00,23.13
2021-09-03 14:03:00,23.53
2021-09-03 15:03:00,23.89
2021-09-03 16:03:00,23.81
2021-09-03 17:03:00,23.66
2021-09-03 18:03:00,23.41
2021-09-03 19:03:00,23.17
2021-09-03 20:03:00,22.82
2021-09-03 21:03:00,22.57
2021-09-03 22:03:00,22.37
2021-09-03 23:03:00,22.2
2021-09-04 00:03:00,21.99
2021-09-04 01:03:00,21.84
2021-09-04 02:03:00,21.72
2021-09-04 03:03:00,21.6
2021-09-04 04:03:00,21.5
2021-09-04 05:03:00,21.47
2021-09-04 06:03:00,21.38
2021-09-04 07:03:00,21.36
2021-09-04 08:03:00,21.48
2021-09-04 09:03:00,21.72
2021-09-04 10:03:00,22.08
2021-09-04 11:03:00,22.55
2021-09-04 12:03:00,22.93
2021-09-04 13:03:00,23.29
2021-09-04 14:03:00,23.53
2021-09-04 15:03:00,23.53
2021-09-04 16:03:00,23.41
2021-09-04 17:03:00,23.28
2021-09-04 18:03:00,23.05
2021-09-04 19:03:00,22.81
2021-09-04 20:03:00,22.56
2021-09-04 21:03:00,22.35
2021-09-04 22:03:00,22.2
2021-09-04 23:03:00,22.08
2021-09-05 00:03:00,21.92
2021-09-05 01:03:00,21.72
2021-09-05 02:03:00,21.6
2021-09-05 03:03:00,21.48
2021-09-05 04:03:00,21.36
2021-09-05 05:03:00,21.24
2021-09-05 06:03:00,21.11
2021-09-05 07:03:00,21.11
2021-09-05 08:03:00,21.27
2021-09-05 09:03:00,21.6
2021-09-05 10:03:00,21.96
2021-09-05 11:03:00,22.56
2021-09-05 12:03:00,22.92
2021-09-05 13:03:00,23.31
2021-09-05 14:03:00,23.57
2021-09-05 15:03:00,23.77
2021-09-05 16:03:00,23.69
2021-09-05 17:03:00,23.53
2021-09-05 18:03:00,23.17
2021-09-05 19:03:00,22.93
2021-09-05 20:03:00,22.69
2021-09-05 21:03:00,22.44
2021-09-05 22:03:00,22.08
2021-09-05 23:03:00,21.84
2021-09-06 00:03:00,21.65
2021-09-06 01:03:00,21.48
2021-09-06 02:03:00,21.24
2021-09-06 03:03:00,21.11
2021-09-06 04:03:00,20.87
2021-09-06 05:03:00,20.75
2021-09-06 06:03:00,20.63
2021-09-06 07:03:00,20.63
2021-09-06 08:03:00,20.87
2021-09-06 09:03:00,21.11
2021-09-06 10:03:00,21.61
2021-09-06 11:03:00,22.08
2021-09-06 12:03:00,22.57
2021-09-06 13:03:00,23.04
2021-09-06 14:03:00,23.29
2021-09-06 15:03:00,23.53
2021-09-06 16:03:00,23.46
2021-09-06 17:03:00,23.29
2021-09-06 18:03:00,23.09
2021-09-06 19:03:00,22.82
2021-09-06 20:03:00,22.6
2021-09-06 21:03:00,22.33
2021-09-06 22:03:00,22.08
2021-09-06 23:03:00,21.84
2021-09-07 00:03:00,21.6
2021-09-07 01:03:00,21.47
2021-09-07 02:03:00,21.24
2021-09-07 03:03:00,21.12
2021-09-07 04:03:00,20.9
2021-09-07 05:03:00,20.76
2021-09-07 06:03:00,20.65
2021-09-07 07:03:00,20.63
2021-09-07 08:03:00,20.86
2021-09-07 09:03:00,21.12
2021-09-07 10:03:00,21.6
2021-09-07 11:03:00,22.12
2021-09-07 12:03:00,22.57
2021-09-07 13:03:00,23.04
2021-09-07 14:03:00,23.29
2021-09-07 15:03:00,23.41
2021-09-07 16:03:00,23.19
2021-09-07 17:03:00,23.08
2021-09-07 18:03:00,22.81
2021-09-07 19:03:00,22.56
2021-09-07 20:03:00,22.38
2021-09-07 21:03:00,22.2
2021-09-07 22:03:00,22.02
2021-09-07 23:03:00,21.84
2021-09-08 00:03:00,21.62
2021-09-08 01:03:00,21.48
2021-09-08 02:03:00,21.36
2021-09-08 03:03:00,21.28
2021-09-08 04:03:00,21.15
2021-09-08 05:03:00,21.04
2021-09-08 06:03:00,20.89
2021-09-08 07:03:00,20.87
2021-09-08 08:03:00,21.11
2021-09-08 09:03:00,21.35
2021-09-08 10:03:00,21.84
2021-09-08 11:03:00,22.44
2021-09-08 12:03:00,22.9
2021-09-08 13:03:00,23.29
2021-09-08 14:03:00,23.65
2021-09-08 15:03:00,23.79
2021-09-08 16:03:00,23.77
2021-09-08 17:03:00,23.53
2021-09-08 18:03:00,23.29
2021-09-08 19:03:00,22.93
2021-09-08 20:03:00,22.69
2021-09-08 21:03:00,22.44
2021-09-08 22:03:00,22.2
2021-09-08 23:03:00,21.99
2021-09-09 00:03:00,21.84
2021-09-09 01:03:00,21.72
2021-09-09 02:03:00,21.6
2021-09-09 03:03:00,21.51
2021-09-09 04:03:00,21.48
2021-09-09 05:03:00,21.36
2021-09-09 06:03:00,21.35
2021-09-09 07:03:00,21.36
2021-09-09 08:03:00,21.6
2021-09-09 09:03:00,21.84
2021-09-09 10:03:00,22.31
2021-09-09 11:03:00,22.81
2021-09-09 12:03:00,23.29
2021-09-09 13:03:00,23.64
2021-09-09 14:03:00,23.88
2021-09-09 15:03:00,24.01
2021-09-09 16:03:00,23.89
2021-09-09 17:03:00,23.65
2021-09-09 18:03:00,23.36
2021-09-09 19:03:00,23.05
2021-09-09 20:03:00,22.8
2021-09-09 21:03:00,22.51
2021-09-09 22:03:00,22.32
2021-09-09 23:03:00,22.08
2021-09-10 00:03:00,21.96
2021-09-10 01:03:00,21.82
2021-09-10 02:03:00,21.72
2021-09-10 03:03:00,21.61
2021-09-10 04:03:00,21.6
2021-09-10 05:03:00,21.48
2021-09-10 06:03:00,21.46
2021-09-10 07:03:00,21.36
2021-09-10 08:03:00,21.48
2021-09-10 09:16:00,21.74
2021-09-10 10:52:00,22.32
2021-09-10 11:52:00,22.47
2021-09-10 12:52:00,22.57
2021-09-10 14:40:00,22.68
2021-09-10 15:40:00,22.69
2021-09-10 16:40:00,22.67
2021-09-10 17:40:00,22.57
2021-09-10 18:40:00,22.44
2021-09-10 19:40:00,22.32
2021-09-10 20:40:00,22.2
2021-09-10 21:40:00,22.08
2021-09-10 22:40:00,21.96
2021-09-10 23:40:00,21.84
2021-09-11 00:40:00,21.73
2021-09-11 01:40:00,21.71
2021-09-11 02:40:00,21.6
2021-09-11 03:40:00,21.48
2021-09-11 04:40:00,21.35
2021-09-11 05:40:00,21.24
2021-09-11 06:40:00,21.11
2021-09-11 07:40:00,21.23
2021-09-11 08:40:00,21.36
2021-09-11 09:40:00,21.6
2021-09-11 10:40:00,22.1
2021-09-11 11:40:00,22.66
2021-09-11 12:40:00,23.08
2021-09-11 13:40:00,23.41
2021-09-11 14:40:00,23.65
2021-09-11 15:40:00,23.64
2021-09-11 16:40:00,23.53
2021-09-11 17:40:00,23.28
2021-09-11 18:40:00,22.93
2021-09-11 19:40:00,22.69
2021-09-11 20:40:00,22.44
2021-09-11 21:40:00,22.32
2021-09-11 22:40:00,22.08
2021-09-11 23:40:00,21.96
2021-09-12 00:40:00,21.72
2021-09-12 01:40:00,21.6
2021-09-12 02:40:00,21.46
2021-09-12 03:40:00,21.31
2021-09-12 04:40:00,21.21
2021-09-12 05:40:00,21.08
2021-09-12 06:40:00,20.99
2021-09-12 07:40:00,21.11
2021-09-12 08:40:00,21.36
2021-09-12 09:40:00,21.72
2021-09-12 10:40:00,22.19
2021-09-12 11:40:00,22.68
2021-09-12 12:40:00,23.05
2021-09-12 13:40:00,23.41
2021-09-12 14:40:00,23.65
2021-09-12 15:40:00,23.65
2021-09-12 16:40:00,23.54
2021-09-12 17:40:00,23.3
2021-09-12 18:40:00,23.05
2021-09-12 19:40:00,22.81
2021-09-12 20:40:00,22.56
2021-09-12 21:40:00,22.35
2021-09-12 22:40:00,22.2
2021-09-12 23:40:00,21.96
2021-09-13 00:40:00,21.73
2021-09-13 01:40:00,21.6
2021-09-13 02:40:00,21.45
2021-09-13 03:40:00,21.24
2021-09-13 04:40:00,21.11
2021-09-13 05:40:00,20.99
2021-09-13 06:40:00,20.91
2021-09-13 07:40:00,20.99
2021-09-13 08:40:00,21.35
2021-09-13 09:40:00,21.6
2021-09-13 10:40:00,22.08
2021-09-13 11:40:00,22.56
2021-09-13 12:40:00,23.05
2021-09-13 13:40:00,23.41
2021-09-13 14:40:00,23.65
2021-09-13 15:40:00,23.65
2021-09-13 16:40:00,23.54
2021-09-13 17:40:00,23.29
2021-09-13 18:40:00,22.93
2021-09-13 19:40:00,22.69
2021-09-13 20:40:00,22.48
2021-09-13 21:40:00,22.32
2021-09-13 22:40:00,22.2
2021-09-13 23:40:00,21.96
2021-09-14 00:40:00,21.82
2021-09-14 01:40:00,21.6
2021-09-14 02:40:00,21.47
2021-09-14 03:40:00,21.28
2021-09-14 04:40:00,21.15
2021-09-14 05:40:00,21.01
2021-09-14 06:40:00,20.96
2021-09-14 07:40:00,20.99
2021-09-14 08:40:00,21.25
2021-09-14 09:40:00,21.62
2021-09-14 10:40:00,22.09
2021-09-14 11:40:00,22.55
2021-09-14 12:40:00,22.8
2021-09-14 13:40:00,22.93
2021-09-14 14:40:00,23.04
2021-09-14 15:40:00,23.05
2021-09-14 16:40:00,22.99
2021-09-14 17:40:00,22.81
2021-09-14 18:40:00,22.68
2021-09-14 19:40:00,22.44
2021-09-14 20:40:00,22.31
2021-09-14 21:40:00,22.09
2021-09-14 22:40:00,21.96
2021-09-14 23:40:00,21.84
2021-09-15 00:40:00,21.72
2021-09-15 01:40:00,21.61
2021-09-15 02:40:00,21.6
2021-09-15 03:40:00,21.48
2021-09-15 04:40:00,21.48
2021-09-15 05:40:00,21.48
2021-09-15 06:40:00,21.45
2021-09-15 07:40:00,21.48
2021-09-15 08:40:00,21.72
2021-09-15 09:40:00,21.96
2021-09-15 10:40:00,22.32
2021-09-15 11:40:00,22.68
2021-09-15 12:40:00,22.81
2021-09-15 13:40:00,23.04
2021-09-15 14:40:00,23.17
2021-09-15 15:40:00,23.29
2021-09-15 16:40:00,23.17
2021-09-15 17:40:00,23.05
2021-09-15 18:40:00,22.81
2021-09-15 20:37:00,22.56
2021-09-15 21:37:00,22.44
2021-09-15 22:37:00,22.32
2021-09-15 23:37:00,22.2
2021-09-16 01:07:00,22.09
2021-09-16 03:02:00,21.99
2021-09-16 04:02:00,21.96
2021-09-16 05:42:00,21.83
2021-09-16 06:42:00,21.72
2021-09-16 07:51:00,21.84
2021-09-16 08:51:00,21.97
2021-09-16 09:51:00,22.2
2021-09-16 10:51:00,22.44
2021-09-16 11:51:00,22.81
2021-09-16 12:51:00,22.97
2021-09-16 14:40:00,23.05
2021-09-16 15:40:00,23.05
2021-09-16 17:40:00,22.93
2021-09-16 18:40:00,22.81
2021-09-16 19:40:00,22.71
2021-09-16 20:40:00,22.69
2021-09-16 21:40:00,22.57
2021-09-16 22:40:00,22.56
2021-09-16 23:40:00,22.56
2021-09-17 00:40:00,22.56
2021-09-17 01:40:00,22.45
2021-09-17 02:40:00,22.34
2021-09-17 04:59:00,22.2
2021-09-17 05:59:00,22.08
2021-09-17 06:59:00,22.08
2021-09-17 07:59:00,22.2
2021-09-17 08:59:00,22.33
2021-09-17 09:59:00,22.69
2021-09-17 10:59:00,23.11
2021-09-17 11:59:00,23.53
2021-09-17 12:59:00,23.89
2021-09-17 13:59:00,24.13
2021-09-17 14:59:00,24.37
2021-09-17 15:59:00,24.13
2021-09-17 16:59:00,23.89
2021-09-17 17:59:00,23.64
2021-09-17 18:59:00,23.29
2021-09-17 19:59:00,23.05
2021-09-17 20:59:00,22.81
2021-09-17 21:59:00,22.61
2021-09-17 22:59:00,22.44
2021-09-17 23:59:00,22.32
2021-09-18 00:59:00,22.13
2021-09-18 01:59:00,22.08
2021-09-18 02:59:00,21.96
2021-09-18 03:59:00,21.84
2021-09-18 04:59:00,21.72
2021-09-18 05:59:00,21.6
2021-09-18 06:59:00,21.48
2021-09-18 07:59:00,21.63
2021-09-18 08:59:00,21.84
2021-09-18 09:59:00,22.22
2021-09-18 10:59:00,22.77
2021-09-18 11:59:00,23.17
2021-09-18 12:59:00,23.53
2021-09-18 13:59:00,23.77
2021-09-18 14:59:00,23.89
2021-09-18 15:59:00,23.77
2021-09-18 16:59:00,23.53
2021-09-18 17:59:00,23.25
2021-09-18 18:59:00,22.93
2021-09-18 19:59:00,22.69
2021-09-18 20:59:00,22.51
2021-09-18 21:59:00,22.32
2021-09-18 22:59:00,22.2
2021-09-18 23:59:00,21.96
2021-09-19 00:59:00,21.84
2021-09-19 01:59:00,21.61
2021-09-19 02:59:00,21.48
2021-09-19 03:59:00,21.38
2021-09-19 04:59:00,21.34
2021-09-19 05:59:00,21.23
2021-09-19 06:59:00,21.23
2021-09-19 07:59:00,21.39
2021-09-19 08:59:00,21.72
2021-09-19 09:59:00,22.08
2021-09-19 10:59:00,22.56
2021-09-19 11:59:00,22.89
2021-09-19 12:59:00,22.93
2021-09-19 13:59:00,23.17
2021-09-19 14:59:00,23.53
2021-09-19 15:59:00,23.47
2021-09-19 16:59:00,23.29
2021-09-19 17:59:00,23.04
2021-09-19 18:59:00,22.68
2021-09-19 19:59:00,22.36
2021-09-19 20:59:00,22.08
2021-09-19 21:59:00,21.84
2021-09-19 22:59:00,21.71
2021-09-19 23:59:00,21.47
2021-09-20 00:59:00,21.35
2021-09-20 01:59:00,21.23
2021-09-20 02:59:00,21.11
2021-09-20 03:59:00,20.99
2021-09-20 04:59:00,20.87
2021-09-20 05:59:00,20.75
2021-09-20 06:59:00,20.75
2021-09-20 07:59:00,20.87
2021-09-20 08:59:00,21.11
2021-09-20 09:59:00,21.48
2021-09-20 10:59:00,22.08
2021-09-20 11:59:00,22.44
2021-09-20 12:59:00,22.85
2021-09-20 13:59:00,23.17
2021-09-20 14:59:00,23.29
2021-09-20 15:59:00,23.2
2021-09-20 16:59:00,23.05
2021-09-20 17:59:00,22.7
2021-09-20 18:59:00,22.45
2021-09-20 19:59:00,22.2
2021-09-20 20:59:00,21.97
2021-09-20 21:59:00,21.72
2021-09-20 22:59:00,21.59
2021-09-20 23:59:00,21.38
2021-09-21 00:59:00,21.25
2021-09-21 01:59:00,21.13
2021-09-21 02:59:00,21.09
2021-09-21 03:59:00,20.98
2021-09-21 04:59:00,20.87
2021-09-21 05:59:00,20.75
2021-09-21 06:59:00,20.75
2021-09-21 07:59:00,20.91
2021-09-21 08:59:00,21.2
2021-09-21 09:59:00,21.6
2021-09-21 10:59:00,22.2
2021-09-21 11:59:00,22.56
2021-09-21 12:59:00,22.93
2021-09-21 13:59:00,23.09
2021-09-21 14:59:00,23.16
2021-09-21 15:59:00,23.05
2021-09-21 16:59:00,22.82
2021-09-21 17:59:00,22.57
2021-09-21 18:59:00,22.32
2021-09-21 19:59:00,22.08
2021-09-21 20:59:00,21.85
2021-09-21 21:59:00,21.66
2021-09-21 22:59:00,21.48
2021-09-21 23:59:00,21.36
2021-09-22 00:59:00,21.23
2021-09-22 01:59:00,21.11
2021-09-22 02:59:00,20.95
2021-09-22 03:59:00,20.81
2021-09-22 04:59:00,20.74
2021-09-22 05:59:00,20.63
2021-09-22 06:59:00,20.63
2021-09-22 07:59:00,20.75
2021-09-22 08:59:00,20.88
2021-09-22 09:59:00,21.35
2021-09-22 10:59:00,21.72
2021-09-22 11:59:00,22.2
2021-09-22 12:59:00,22.56
2021-09-22 13:59:00,22.81
2021-09-22 14:59:00,22.93
2021-09-22 15:59:00,22.87
2021-09-22 16:59:00,22.69
2021-09-22 17:59:00,22.44
2021-09-22 18:59:00,22.2
2021-09-22 19:59:00,21.96
2021-09-22 20:59:00,21.72
2021-09-22 21:59:00,21.5
2021-09-22 22:59:00,21.35
2021-09-22 23:59:00,21.12
2021-09-23 00:59:00,20.99
2021-09-23 01:59:00,20.87
2021-09-23 02:59:00,20.7
2021-09-23 03:59:00,20.52
2021-09-23 04:59:00,20.4
2021-09-23 05:59:00,20.27
2021-09-23 06:59:00,20.26
2021-09-23 08:58:00,20.51
2021-09-23 09:58:00,20.87
2021-09-23 10:58:00,21.36
2021-09-23 11:58:00,21.72
2021-09-23 12:58:00,22.12
2021-09-23 13:58:00,22.44
2021-09-23 14:58:00,22.6
2021-09-23 15:58:00,22.59
2021-09-23 16:58:00,22.45
2021-09-23 17:58:00,22.21
2021-09-23 18:58:00,21.98
2021-09-23 19:58:00,21.84
2021-09-23 20:58:00,21.6
2021-09-23 21:58:00,21.42
2021-09-23 22:58:00,21.23
2021-09-23 23:58:00,21.11
2021-09-24 00:58:00,20.99
2021-09-24 01:58:00,20.94
2021-09-24 02:58:00,20.87
2021-09-24 03:58:00,20.87
2021-09-24 04:58:00,20.86
2021-09-24 05:58:00,20.79
2021-09-24 06:58:00,20.87
2021-09-24 07:58:00,20.99
2021-09-24 08:58:00,21.25
2021-09-24 09:58:00,21.72
2021-09-24 10:58:00,22.2
2021-09-24 11:58:00,22.69
2021-09-24 12:58:00,23.05
2021-09-24 13:58:00,23.31
2021-09-24 14:58:00,23.41
2021-09-24 15:58:00,23.34
2021-09-24 16:58:00,23.17
2021-09-24 17:58:00,22.82
2021-09-24 18:58:00,22.57
2021-09-24 19:58:00,22.32
2021-09-24 20:58:00,22.08
2021-09-24 21:58:00,21.96
2021-09-24 22:58:00,21.72
2021-09-24 23:58:00,21.6
2021-09-25 00:58:00,21.49
2021-09-25 01:58:00,21.42
2021-09-25 02:58:00,21.35
2021-09-25 03:58:00,21.25
2021-09-25 04:58:00,21.23
2021-09-25 05:58:00,21.13
2021-09-25 06:58:00,21.15
2021-09-25 07:58:00,21.24
2021-09-25 08:58:00,21.48
2021-09-25 09:58:00,21.72
2021-09-25 10:58:00,21.98
2021-09-25 11:58:00,22.32
2021-09-25 12:58:00,22.68
2021-09-25 13:58:00,22.81
2021-09-25 14:58:00,23.02
2021-09-25 15:58:00,23.02
2021-09-25 16:58:00,22.81
2021-09-25 17:58:00,22.69
2021-09-25 18:58:00,22.56
2021-09-25 19:58:00,22.44
2021-09-25 20:58:00,22.32
2021-09-25 21:58:00,22.2
2021-09-25 22:58:00,22.08
2021-09-25 23:58:00,21.96
2021-09-26 00:58:00,21.96
2021-09-26 01:58:00,21.86
2021-09-26 02:58:00,21.83
2021-09-26 03:58:00,21.72
2021-09-26 04:58:00,21.6
2021-09-26 05:58:00,21.48
2021-09-26 06:58:00,21.47
2021-09-26 07:58:00,21.47
2021-09-26 08:58:00,21.48
2021-09-26 09:58:00,21.63
2021-09-26 10:58:00,21.96
2021-09-26 11:58:00,22.13
2021-09-26 12:58:00,22.32
2021-09-26 13:58:00,22.44
2021-09-26 14:58:00,22.46
2021-09-26 15:58:00,22.48
2021-09-26 16:58:00,22.45
2021-09-26 17:58:00,22.44
2021-09-26 18:58:00,22.38
2021-09-26 19:58:00,22.32
2021-09-26 20:58:00,22.32
2021-09-26 23:04:00,22.31
2021-09-27 00:04:00,22.28
2021-09-27 01:04:00,22.22
2021-09-27 02:04:00,22.2
2021-09-27 03:04:00,22.2
2021-09-27 04:04:00,22.2
2021-09-27 05:04:00,22.08
2021-09-27 07:21:00,21.96
2021-09-27 08:21:00,21.96
2021-09-27 09:21:00,22.08
2021-09-27 10:21:00,22.32
2021-09-27 11:21:00,22.71
2021-09-27 12:21:00,23.02
2021-09-27 13:21:00,23.29
2021-09-27 14:21:00,23.52
2021-09-27 15:21:00,23.53
2021-09-27 16:21:00,23.37
2021-09-27 17:21:00,23.06
2021-09-27 18:21:00,22.8
2021-09-27 19:21:00,22.52
2021-09-27 20:21:00,22.2
2021-09-27 21:21:00,21.99
2021-09-27 22:21:00,21.83
2021-09-27 23:21:00,21.66
2021-09-28 00:21:00,21.49
2021-09-28 01:21:00,21.36
2021-09-28 02:21:00,21.24
2021-09-28 03:21:00,21.11
2021-09-28 04:21:00,20.99
2021-09-28 05:21:00,20.89
2021-09-28 06:21:00,20.83
2021-09-28 07:21:00,20.81
2021-09-28 08:21:00,21.01
2021-09-28 09:21:00,21.35
2021-09-28 10:21:00,21.72
2021-09-28 11:21:00,22.2
2021-09-28 12:21:00,22.57
2021-09-28 13:21:00,22.93
2021-09-28 14:21:00,23.17
2021-09-28 15:21:00,23.2
2021-09-28 16:21:00,23.05
2021-09-28 17:21:00,22.82
2021-09-28 18:21:00,22.65
2021-09-28 19:21:00,22.44
2021-09-28 20:21:00,22.2
2021-09-28 21:21:00,22.08
2021-09-28 22:21:00,21.96
2021-09-28 23:21:00,21.84
2021-09-29 00:21:00,21.72
2021-09-29 01:21:00,21.6
2021-09-29 02:21:00,21.47
2021-09-29 03:21:00,21.35
2021-09-29 04:21:00,21.23
2021-09-29 05:21:00,21.12
2021-09-29 06:21:00,21.1
2021-09-29 07:21:00,21.09
2021-09-29 08:21:00,21.23
2021-09-29 09:21:00,21.48
2021-09-29 10:21:00,21.72
2021-09-29 11:21:00,22.19
2021-09-29 12:21:00,22.45
2021-09-29 13:21:00,22.82
2021-09-29 14:21:00,23.05
2021-09-29 15:21:00,23.17
2021-09-29 16:21:00,23.05
2021-09-29 17:21:00,22.81
2021-09-29 18:21:00,22.57
2021-09-29 19:21:00,22.35
2021-09-29 20:21:00,22.2
2021-09-29 21:21:00,21.96
2021-09-29 22:21:00,21.75
2021-09-29 23:21:00,21.6
2021-09-30 00:21:00,21.48
2021-09-30 01:21:00,21.35
2021-09-30 02:21:00,21.24
2021-09-30 03:21:00,21.11
2021-09-30 04:21:00,20.99
2021-09-30 05:21:00,20.88
2021-09-30 06:21:00,20.8
2021-09-30 07:21:00,20.75
2021-09-30 08:21:00,20.99
2021-09-30 09:21:00,21.23
2021-09-30 10:21:00,21.6
2021-09-30 11:21:00,22.08
2021-09-30 12:21:00,22.44
2021-09-30 13:21:00,22.81
2021-09-30 14:21:00,22.94
2021-09-30 15:21:00,23.05
2021-09-30 16:21:00,22.92
2021-09-30 17:21:00,22.69
2021-09-30 18:21:00,22.44
2021-09-30 19:21:00,22.32
2021-09-30 20:21:00,22.08
2021-09-30 21:21:00,21.92
2021-09-30 22:21:00,21.72
2021-09-30 23:21:00,21.48
2021-10-01 00:21:00,21.36
2021-10-01 01:21:00,21.22
2021-10-01 02:21:00,21.11
2021-10-01 03:21:00,20.99
2021-10-01 04:21:00,20.89
2021-10-01 05:21:00,20.87
2021-10-01 06:21:00,20.8
2021-10-01 07:21:00,20.87
2021-10-01 08:21:00,20.99
2021-10-01 09:21:00,21.24
2021-10-01 10:21:00,21.71
2021-10-01 11:21:00,22.18
2021-10-01 12:21:00,22.56
2021-10-01 13:21:00,22.93
2021-10-01 14:21:00,23.17
2021-10-01 15:21:00,23.29
2021-10-01 16:21:00,23.05
2021-10-01 17:21:00,22.83
2021-10-01 18:21:00,22.56
2021-10-01 19:21:00,22.32
2021-10-01 20:21:00,22.08
2021-10-01 21:21:00,21.96
2021-10-01 22:21:00,21.72
2021-10-01 23:21:00,21.6
2021-10-02 00:21:00,21.47
2021-10-02 01:21:00,21.35
2021-10-02 02:21:00,21.24
2021-10-02 03:21:00,21.11
2021-10-02 04:21:00,21.11
2021-10-02 05:21:00,20.99
2021-10-02 06:21:00,20.93
2021-10-02 07:21:00,20.96
2021-10-02 08:21:00,21
2021-10-02 09:21:00,21.12
2021-10-02 10:21:00,21.48
2021-10-02 11:21:00,21.96
2021-10-02 12:21:00,21.96
2021-10-02 13:21:00,21.96
2021-10-02 14:21:00,22.2
2021-10-02 15:21:00,22.25
2021-10-02 16:21:00,22.2
2021-10-02 17:21:00,21.98
2021-10-02 18:21:00,21.84
2021-10-02 19:21:00,21.72
2021-10-02 20:21:00,21.6
2021-10-02 21:21:00,21.48
2021-10-02 22:21:00,21.35
2021-10-02 23:21:00,21.23
2021-10-03 00:21:00,21.11
2021-10-03 01:21:00,21
2021-10-03 02:21:00,20.93
2021-10-03 03:21:00,20.87
2021-10-03 04:21:00,20.76
2021-10-03 05:21:00,20.75
2021-10-03 06:21:00,20.7
2021-10-03 07:21:00,20.68
2021-10-03 08:21:00,20.87
2021-10-03 09:21:00,21.13
2021-10-03 10:21:00,21.6
2021-10-03 11:21:00,22.08
2021-10-03 12:21:00,22.32
2021-10-03 13:21:00,22.57
2021-10-03 14:21:00,22.81
2021-10-03 15:21:00,22.81
2021-10-03 16:21:00,22.81
2021-10-03 17:21:00,22.63
2021-10-03 18:21:00,22.44
2021-10-03 19:21:00,22.2
2021-10-03 20:21:00,22.08
2021-10-03 21:21:00,21.96
2021-10-03 22:21:00,21.83
2021-10-03 23:21:00,21.72
2021-10-04 00:21:00,21.67
2021-10-04 01:21:00,21.6
2021-10-04 02:21:00,21.48
2021-10-04 03:21:00,21.47
2021-10-04 04:21:00,21.36
2021-10-04 05:21:00,21.36
2021-10-04 06:21:00,21.26
2021-10-04 07:21:00,21.35
2021-10-04 08:21:00,21.47
2021-10-04 09:21:00,21.64
2021-10-04 10:21:00,21.96
2021-10-04 11:21:00,22.2
2021-10-04 12:21:00,22.33
2021-10-04 13:21:00,22.44
2021-10-04 14:21:00,22.55
2021-10-04 15:21:00,22.69
2021-10-04 16:21:00,22.69
2021-10-04 17:21:00,22.56
2021-10-04 19:06:00,22.32
2021-10-04 20:06:00,22.21
2021-10-04 21:23:00,21.72
2021-10-04 22:23:00,21.59
2021-10-05 01:00:00,21.23
2021-10-05 02:00:00,21.11
2021-10-05 03:41:00,21
2021-10-05 04:41:00,20.92
2021-10-05 05:41:00,20.87
2021-10-05 06:41:00,20.78
2021-10-05 07:41:00,20.84
2021-10-05 08:41:00,20.99
2021-10-05 09:41:00,21.11
2021-10-05 11:41:00,21.84
2021-10-05 12:44:00,22.1
2021-10-05 13:44:00,22.39
2021-10-05 14:44:00,22.56
2021-10-05 15:44:00,22.45
2021-10-05 16:44:00,22.31
2021-10-05 17:44:00,22.04
2021-10-05 19:28:00,21.6
2021-10-05 20:28:00,21.37
2021-10-05 21:28:00,21.23
2021-10-05 22:28:00,21.11
2021-10-05 23:28:00,21.03
2021-10-06 00:28:00,20.99
2021-10-06 01:28:00,20.89
2021-10-06 02:28:00,20.87
2021-10-06 03:28:00,20.87
2021-10-06 04:28:00,20.9
2021-10-06 05:28:00,20.98
2021-10-06 06:28:00,20.99
2021-10-06 07:28:00,20.99
2021-10-06 08:28:00,21.1
2021-10-06 09:28:00,21.24
2021-10-06 10:28:00,21.48
2021-10-06 11:28:00,22.08
2021-10-06 12:28:00,22.41
2021-10-06 13:28:00,22.69
2021-10-06 14:28:00,22.91
2021-10-06 15:28:00,22.69
2021-10-06 16:28:00,22.45
2021-10-06 17:28:00,22.07
2021-10-06 18:28:00,21.84
2021-10-06 19:28:00,21.6
2021-10-06 20:28:00,21.35
2021-10-06 21:28:00,21.16
2021-10-06 22:28:00,20.99
2021-10-06 23:28:00,20.75
2021-10-07 00:28:00,20.63
2021-10-07 01:28:00,20.52
2021-10-07 02:28:00,20.47
2021-10-07 03:28:00,20.38
2021-10-07 04:28:00,20.26
2021-10-07 05:28:00,20.14
2021-10-07 06:28:00,20.14
2021-10-07 07:28:00,19.9
2021-10-07 08:28:00,20
2021-10-07 09:28:00,17.02
2021-10-07 10:28:00,15.69
2021-10-07 11:28:00,15.7
2021-10-07 12:28:00,16.56
2021-10-07 13:28:00,17.71
2021-10-07 15:49:00,15.96
2021-10-07 16:49:00,15.82
2021-10-07 17:49:00,15.57
2021-10-07 18:49:00,15.21
2021-10-07 19:49:00,14.94
2021-10-07 20:49:00,14.44
2021-10-07 21:49:00,14.17
2021-10-07 22:49:00,13.9
2021-10-07 23:49:00,13.54
2021-10-08 00:49:00,13.54
2021-10-08 01:49:00,13.41
2021-10-08 02:49:00,13.28
2021-10-08 03:49:00,13.16
2021-10-08 04:49:00,13.03
2021-10-08 05:49:00,12.95
2021-10-08 06:49:00,12.92
2021-10-08 07:49:00,13.45
2021-10-08 09:20:00,14.68
2021-10-08 10:20:00,15.57
2021-10-08 11:20:00,16.33
2021-10-08 12:20:00,17.93
2021-10-08 13:20:00,20.99
2021-10-08 14:20:00,22.2
2021-10-08 16:00:00,22.45
2021-10-08 17:00:00,21.11
2021-10-08 18:00:00,19.53
2021-10-08 19:00:00,17.79
2021-10-08 20:00:00,16.71
2021-10-08 21:00:00,16.07
2021-10-08 22:00:00,15.57
2021-10-08 23:00:00,15.06
2021-10-09 00:00:00,14.69
2021-10-09 01:00:00,14.32
2021-10-09 02:00:00,14.18
2021-10-09 03:00:00,13.98
2021-10-09 04:00:00,13.8
2021-10-09 05:00:00,13.67
2021-10-09 06:00:00,13.55
2021-10-09 07:00:00,13.55
2021-10-09 08:00:00,14.3
2021-10-09 10:56:00,20.97
2021-10-09 11:56:00,21.24
2021-10-09 12:56:00,21.46
2021-10-09 13:56:00,21.36
2021-10-09 14:56:00,21.35
2021-10-09 15:56:00,21.36
2021-10-09 16:56:00,21.24
2021-10-09 17:56:00,20.99
2021-10-09 18:56:00,20.75
2021-10-09 19:56:00,20.63
2021-10-09 20:56:00,20.39
2021-10-09 21:56:00,20.27
2021-10-09 22:56:00,20.26
2021-10-09 23:56:00,20.15
2021-10-10 00:56:00,20.14
2021-10-10 01:56:00,20.13
2021-10-10 02:56:00,20.02
2021-10-10 03:56:00,20
2021-10-10 04:56:00,19.9
2021-10-10 05:56:00,19.89
2021-10-10 06:56:00,19.78
2021-10-10 07:56:00,19.78
2021-10-10 08:56:00,19.9
2021-10-10 09:56:00,20.14
2021-10-10 10:56:00,20.51
2021-10-10 11:56:00,20.69
2021-10-10 12:56:00,20.99
2021-10-10 13:56:00,20.99
2021-10-10 14:56:00,21.12
2021-10-10 15:56:00,20.99
2021-10-10 16:56:00,20.76
2021-10-10 17:56:00,20.63
2021-10-10 18:56:00,20.49
2021-10-10 19:56:00,20.27
2021-10-10 20:56:00,20.14
2021-10-10 21:56:00,20.12
2021-10-10 22:56:00,19.93
2021-10-10 23:56:00,19.9
2021-10-11 00:56:00,19.9
2021-10-11 01:56:00,19.89
2021-10-11 02:56:00,19.78
2021-10-11 03:56:00,19.78
2021-10-11 04:56:00,19.77
2021-10-11 05:56:00,19.77
2021-10-11 07:56:00,19.66
2021-10-11 08:56:00,19.77
2021-10-11 09:56:00,19.78
2021-10-11 10:56:00,20.02
2021-10-11 13:47:00,20.26
2021-10-11 14:47:00,20.39
2021-10-11 15:47:00,20.39
2021-10-11 16:47:00,20.4
2021-10-11 17:47:00,20.38
2021-10-11 18:47:00,20.35
2021-10-11 19:47:00,20.26
2021-10-11 20:47:00,20.2
2021-10-11 21:47:00,20.14
2021-10-11 22:47:00,20.04
2021-10-11 23:47:00,20.01
2021-10-12 00:47:00,20.02
2021-10-12 01:47:00,19.9
2021-10-12 02:47:00,19.9
2021-10-12 03:47:00,19.85
2021-10-12 04:47:00,19.86
2021-10-12 05:47:00,19.9
2021-10-12 06:47:00,19.9
2021-10-12 07:47:00,19.95
2021-10-12 08:47:00,20.14
2021-10-12 09:47:00,20.33
2021-10-12 10:47:00,20.63
2021-10-12 11:47:00,20.99
2021-10-12 12:47:00,21.14
2021-10-12 13:47:00,21.46
2021-10-12 14:47:00,21.6
2021-10-12 17:07:00,21.35
2021-10-12 18:07:00,21.11
2021-10-12 19:07:00,20.99
2021-10-12 20:07:00,20.76
2021-10-12 21:07:00,20.63
2021-10-12 22:07:00,20.51
2021-10-12 23:07:00,20.43
2021-10-13 00:07:00,20.31
2021-10-13 01:07:00,20.27
2021-10-13 02:07:00,20.26
2021-10-13 03:07:00,20.16
2021-10-13 04:07:00,20.14
2021-10-13 05:07:00,20.02
2021-10-13 06:07:00,19.99
2021-10-13 07:07:00,19.9
2021-10-13 08:07:00,19.9
2021-10-13 09:07:00,20.15
2021-10-13 10:07:00,20.51
2021-10-13 11:07:00,20.87
2021-10-13 12:07:00,21.23
2021-10-13 13:07:00,21.47
2021-10-13 14:07:00,21.6
2021-10-13 15:07:00,21.59
2021-10-13 16:07:00,21.47
2021-10-13 17:07:00,21.19
2021-10-13 18:07:00,20.99
2021-10-13 19:07:00,20.74
2021-10-13 20:07:00,20.51
2021-10-13 21:07:00,20.26
2021-10-13 22:07:00,20.14
2021-10-13 23:07:00,19.95
2021-10-14 00:07:00,19.89
2021-10-14 01:07:00,19.77
2021-10-14 02:07:00,19.67
2021-10-14 03:07:00,19.64
2021-10-14 04:07:00,19.49
2021-10-14 05:07:00,19.43
2021-10-14 06:07:00,19.41
2021-10-14 07:07:00,19.44
2021-10-14 08:07:00,19.53
2021-10-14 09:07:00,19.77
2021-10-14 10:07:00,20.02
2021-10-14 11:07:00,20.38
2021-10-14 12:07:00,20.63
2021-10-14 13:07:00,20.82
2021-10-14 14:07:00,20.89
2021-10-14 15:07:00,20.91
2021-10-14 16:07:00,20.78
2021-10-14 17:07:00,20.63
2021-10-14 18:07:00,20.51
2021-10-14 19:07:00,20.38
2021-10-14 20:07:00,20.26
2021-10-14 21:07:00,20.14
2021-10-14 22:07:00,20.03
2021-10-14 23:07:00,20.01
2021-10-15 00:07:00,19.9
2021-10-15 01:07:00,19.9
2021-10-15 02:07:00,19.78
2021-10-15 03:07:00,19.78
2021-10-15 04:07:00,19.77
2021-10-15 05:07:00,19.66
2021-10-15 06:07:00,19.65
2021-10-15 07:07:00,19.65
2021-10-15 08:07:00,19.65
2021-10-15 09:07:00,19.78
2021-10-15 10:07:00,20.06
2021-10-15 11:07:00,20.38
2021-10-15 12:07:00,20.75
2021-10-15 13:07:00,21.02
2021-10-15 14:07:00,21.22
2021-10-15 15:07:00,21.23
2021-10-15 16:07:00,21.23
2021-10-15 17:07:00,21.05
2021-10-15 18:07:00,20.87
2021-10-15 19:07:00,20.69
2021-10-15 20:07:00,20.52
2021-10-15 21:07:00,20.5
2021-10-15 22:07:00,20.38
2021-10-15 23:07:00,20.26
2021-10-16 00:07:00,20.21
2021-10-16 01:07:00,20.14
2021-10-16 02:07:00,20.11
2021-10-16 03:07:00,20.02
2021-10-16 04:07:00,19.9
2021-10-16 05:07:00,19.79
2021-10-16 06:07:00,19.78
2021-10-16 07:07:00,19.77
2021-10-16 08:07:00,19.78
2021-10-16 09:07:00,20.02
2021-10-16 10:07:00,20.37
2021-10-16 11:07:00,20.67
2021-10-16 12:07:00,21
2021-10-16 13:07:00,21.26
2021-10-16 14:07:00,21.48
2021-10-16 15:07:00,21.48
2021-10-16 16:07:00,21.42
2021-10-16 17:07:00,21.24
2021-10-16 18:07:00,21.11
2021-10-16 19:07:00,20.99
2021-10-16 20:07:00,20.78
2021-10-16 21:07:00,20.63
2021-10-16 22:07:00,20.53
2021-10-16 23:07:00,20.42
2021-10-17 00:07:00,20.37
2021-10-17 01:07:00,20.26
2021-10-17 02:07:00,20.14
2021-10-17 03:07:00,20.03
2021-10-17 04:07:00,20.02
2021-10-17 05:07:00,20.02
2021-10-17 06:07:00,19.9
2021-10-17 07:07:00,19.89
2021-10-17 08:07:00,19.94
2021-10-17 09:07:00,20.14
2021-10-17 10:07:00,20.51
2021-10-17 11:07:00,20.87
2021-10-17 12:07:00,21.23
2021-10-17 13:07:00,21.48
2021-10-17 14:07:00,21.71
2021-10-17 15:07:00,21.72
2021-10-17 16:07:00,21.6
2021-10-17 17:07:00,21.48
2021-10-17 18:07:00,21.24
2021-10-17 19:07:00,21.11
2021-10-17 20:07:00,20.94
2021-10-17 21:07:00,20.75
2021-10-17 22:07:00,20.63
2021-10-17 23:07:00,20.51
2021-10-18 00:07:00,20.5
2021-10-18 01:07:00,20.38
2021-10-18 02:07:00,20.26
2021-10-18 03:07:00,20.21
2021-10-18 04:07:00,20.14
2021-10-18 05:07:00,20.14
2021-10-18 06:07:00,20.02
2021-10-18 07:07:00,20.02
2021-10-18 09:13:00,20.28
2021-10-18 10:13:00,20.63
2021-10-18 11:13:00,20.99
2021-10-18 12:13:00,21.35
2021-10-18 13:13:00,21.6
2021-10-18 14:13:00,21.72
2021-10-18 15:13:00,21.72
2021-10-18 16:13:00,21.59
2021-10-18 17:13:00,21.46
2021-10-18 18:13:00,21.26
2021-10-18 19:13:00,21.11
2021-10-18 20:13:00,20.99
2021-10-18 21:13:00,20.87
2021-10-18 22:13:00,20.75
2021-10-18 23:13:00,20.63
2021-10-19 00:13:00,20.51
2021-10-19 01:13:00,20.38
2021-10-19 02:13:00,20.38
2021-10-19 03:13:00,20.26
2021-10-19 04:13:00,20.15
2021-10-19 05:13:00,20.14
2021-10-19 06:13:00,20.02
2021-10-19 07:13:00,20.02
2021-10-19 08:13:00,20.07
2021-10-19 09:13:00,20.29
2021-10-19 10:13:00,20.63
2021-10-19 11:13:00,20.99
2021-10-19 12:13:00,21.36
2021-10-19 13:13:00,21.6
2021-10-19 14:13:00,21.74
2021-10-19 15:13:00,21.82
2021-10-19 16:13:00,21.71
2021-10-19 17:13:00,21.48
2021-10-19 18:13:00,21.36
2021-10-19 19:13:00,21.23
2021-10-19 20:13:00,21.11
2021-10-19 21:13:00,20.99
2021-10-19 22:13:00,20.87
2021-10-19 23:13:00,20.75
2021-10-20 00:13:00,20.71
2021-10-20 01:13:00,20.63
2021-10-20 02:13:00,20.52
2021-10-20 03:13:00,20.51
2021-10-20 04:13:00,20.39
2021-10-20 05:13:00,20.39
2021-10-20 06:13:00,20.29
2021-10-20 07:13:00,20.26
2021-10-20 08:13:00,20.38
2021-10-20 09:13:00,20.63
2021-10-20 10:13:00,20.95
2021-10-20 11:13:00,21.24
2021-10-20 12:13:00,21.6
2021-10-20 13:13:00,21.84
2021-10-20 14:13:00,21.96
2021-10-20 15:13:00,21.96
2021-10-20 16:13:00,21.84
2021-10-20 17:13:00,21.61
2021-10-20 18:13:00,21.48
2021-10-20 19:13:00,21.24
2021-10-20 20:13:00,21.11
2021-10-20 21:13:00,20.99
2021-10-20 22:13:00,20.89
2021-10-20 23:13:00,20.87
2021-10-21 00:13:00,20.8
2021-10-21 01:13:00,20.75
2021-10-21 02:13:00,20.64
2021-10-21 03:13:00,20.64
2021-10-21 04:13:00,20.63
2021-10-21 05:13:00,20.64
2021-10-21 06:13:00,20.74
2021-10-21 07:13:00,20.75
2021-10-21 09:43:00,20.87
2021-10-21 10:43:00,21.11
2021-10-21 11:43:00,21.23
2021-10-21 12:43:00,21.35
2021-10-21 13:43:00,21.48
2021-10-21 14:43:00,21.6
2021-10-21 15:43:00,21.6
2021-10-21 16:43:00,21.6
2021-10-21 17:43:00,21.48
2021-10-21 18:43:00,21.37
2021-10-21 19:43:00,21.36
2021-10-21 20:43:00,21.25
2021-10-21 21:43:00,21.23
2021-10-21 22:43:00,21.24
2021-10-21 23:43:00,21.24
2021-10-22 00:43:00,21.24
2021-10-22 01:43:00,21.26
2021-10-22 02:43:00,21.26
2021-10-22 03:43:00,21.26
2021-10-22 04:43:00,21.24
2021-10-22 05:43:00,21.24
2021-10-22 06:43:00,21.28
2021-10-22 07:43:00,21.25
2021-10-22 08:43:00,21.35
2021-10-22 09:43:00,21.44
2021-10-22 10:43:00,21.6
2021-10-22 11:43:00,21.92
2021-10-22 12:43:00,22.09
2021-10-22 13:43:00,22.2
2021-10-22 14:43:00,22.2
2021-10-22 15:43:00,22.1
2021-10-22 16:43:00,21.96
2021-10-22 17:43:00,21.84
2021-10-22 18:43:00,21.61
2021-10-22 19:43:00,21.48
2021-10-22 20:43:00,21.36
2021-10-22 21:43:00,21.23
2021-10-22 22:43:00,21.14
2021-10-22 23:43:00,21.11
2021-10-23 00:43:00,21.02
2021-10-23 01:43:00,20.99
2021-10-23 02:43:00,20.99
2021-10-23 03:43:00,21
2021-10-23 04:43:00,21
2021-10-23 05:43:00,20.99
2021-10-23 06:43:00,20.99
2021-10-23 07:43:00,20.99
2021-10-23 08:43:00,21.01
2021-10-23 09:43:00,21.23
2021-10-23 10:43:00,21.36
2021-10-23 11:43:00,21.49
2021-10-23 12:43:00,21.71
2021-10-23 13:43:00,21.84
2021-10-23 14:43:00,21.85
2021-10-23 15:43:00,21.84
2021-10-23 16:43:00,21.72
2021-10-23 17:43:00,21.6
2021-10-23 18:43:00,21.48
2021-10-23 19:43:00,21.36
2021-10-23 20:43:00,21.24
2021-10-23 21:43:00,21.11
2021-10-23 22:43:00,20.99
2021-10-23 23:43:00,20.87
2021-10-24 00:43:00,20.75
2021-10-24 01:43:00,20.74
2021-10-24 02:43:00,20.66
2021-10-24 03:43:00,20.63
2021-10-24 04:43:00,20.63
2021-10-24 05:43:00,20.63
2021-10-24 06:43:00,20.58
2021-10-24 07:43:00,20.51
2021-10-24 08:43:00,20.51
2021-10-24 09:43:00,20.63
2021-10-24 10:43:00,20.87
2021-10-24 11:43:00,21.23
2021-10-24 12:43:00,21.36
2021-10-24 13:43:00,21.59
2021-10-24 14:43:00,21.6
2021-10-24 15:43:00,21.58
2021-10-24 16:43:00,21.36
2021-10-24 17:43:00,21.11
2021-10-24 18:43:00,20.88
2021-10-24 19:43:00,20.73
2021-10-24 20:43:00,20.71
2021-10-24 21:43:00,20.63
2021-10-24 22:43:00,20.62
2021-10-24 23:43:00,20.51
2021-10-25 00:43:00,20.47
2021-10-25 01:43:00,20.38
2021-10-25 02:43:00,20.32
2021-10-25 03:43:00,20.26
2021-10-25 04:43:00,20.26
2021-10-25 05:43:00,20.25
2021-10-25 06:43:00,20.16
2021-10-25 07:43:00,20.16
2021-10-25 08:43:00,20.28
2021-10-25 09:43:00,20.51
2021-10-25 10:43:00,20.75
2021-10-25 11:43:00,20.87
2021-10-25 12:43:00,20.99
2021-10-25 13:43:00,21.11
2021-10-25 14:43:00,21.23
2021-10-25 15:43:00,21.23
2021-10-25 16:43:00,21.12
2021-10-25 17:43:00,21.11
2021-10-25 18:43:00,21
2021-10-25 19:43:00,20.99
2021-10-25 20:43:00,20.99
2021-10-25 21:43:00,20.88
2021-10-25 22:43:00,20.87
2021-10-25 23:43:00,20.87
2021-10-26 00:43:00,20.87
2021-10-26 01:43:00,20.76
2021-10-26 02:43:00,20.75
2021-10-26 03:43:00,20.75
2021-10-26 04:43:00,20.67
2021-10-26 05:43:00,20.63
2021-10-26 06:43:00,20.63
2021-10-26 07:43:00,20.63
2021-10-26 08:43:00,20.62
2021-10-26 09:43:00,20.75
2021-10-26 10:43:00,20.87
2021-10-26 11:43:00,21.02
2021-10-26 12:43:00,21.24
2021-10-26 13:43:00,21.39
2021-10-26 14:43:00,21.48
2021-10-26 15:43:00,21.48
2021-10-26 16:43:00,21.38
2021-10-26 17:43:00,21.25
2021-10-26 18:43:00,21.12
2021-10-26 19:43:00,21
2021-10-26 20:43:00,20.88
2021-10-26 21:43:00,20.83
2021-10-26 22:43:00,20.75
2021-10-26 23:43:00,20.63
2021-10-27 00:43:00,20.62
2021-10-27 01:43:00,20.51
2021-10-27 02:43:00,20.51
2021-10-27 03:43:00,20.39
2021-10-27 04:43:00,20.38
2021-10-27 05:43:00,20.38
2021-10-27 06:43:00,20.38
2021-10-27 07:43:00,20.38
2021-10-27 08:43:00,20.5
2021-10-27 09:43:00,20.63
2021-10-27 10:43:00,20.87
2021-10-27 11:43:00,21.13
2021-10-27 12:43:00,21.6
2021-10-27 13:43:00,21.83
2021-10-27 14:43:00,21.73
2021-10-27 15:43:00,21.72
2021-10-27 16:43:00,21.57
2021-10-27 17:43:00,21.36
2021-10-27 18:43:00,21.23
2021-10-27 19:43:00,21
2021-10-27 20:43:00,20.87
2021-10-27 21:43:00,20.75
2021-10-27 22:43:00,20.62
2021-10-27 23:43:00,20.51
2021-10-28 00:43:00,20.42
2021-10-28 01:43:00,20.35
2021-10-28 02:43:00,20.26
2021-10-28 03:43:00,20.14
2021-10-28 04:43:00,20.12
2021-10-28 05:43:00,20.02
2021-10-28 06:43:00,20.02
2021-10-28 07:43:00,19.92
2021-10-28 08:43:00,20.02
2021-10-28 09:43:00,20.26
2021-10-28 10:43:00,20.61
2021-10-28 11:43:00,20.87
2021-10-28 12:43:00,21.11
2021-10-28 13:43:00,21.36
2021-10-28 14:43:00,21.35
2021-10-28 15:43:00,21.27
2021-10-28 16:43:00,21.23
2021-10-28 17:43:00,21.06
2021-10-28 18:43:00,20.9
2021-10-28 19:43:00,20.77
2021-10-28 20:43:00,20.69
2021-10-28 21:43:00,20.62
2021-10-28 22:43:00,20.5
2021-10-28 23:43:00,20.38
2021-10-29 00:43:00,20.28
2021-10-29 02:32:00,20.17
2021-10-29 03:32:00,20.14
2021-10-29 04:32:00,20.07
2021-10-29 05:32:00,20.02
2021-10-29 06:32:00,20.02
2021-10-29 07:32:00,20.02
2021-10-29 08:32:00,20.02
2021-10-29 09:32:00,20.27
2021-10-29 10:32:00,20.63
2021-10-29 11:32:00,20.96
2021-10-29 12:32:00,21.23
2021-10-29 13:32:00,21.41
2021-10-29 14:32:00,21.48
2021-10-29 15:32:00,21.47
2021-10-29 16:32:00,21.35
2021-10-29 17:32:00,21.24
2021-10-29 18:32:00,21.11
2021-10-29 19:32:00,21.06
2021-10-29 20:32:00,20.99
2021-10-29 21:32:00,20.88
2021-10-29 22:32:00,20.87
2021-10-29 23:32:00,20.76
2021-10-30 00:32:00,20.75
2021-10-30 01:32:00,20.75
2021-10-30 02:32:00,20.67
2021-10-30 03:32:00,20.63
2021-10-30 04:32:00,20.63
2021-10-30 05:32:00,20.51
2021-10-30 06:32:00,20.5
2021-10-30 07:32:00,20.4
2021-10-30 08:32:00,20.51
2021-10-30 09:32:00,20.63
2021-10-30 10:32:00,20.87
2021-10-30 11:32:00,21.23
2021-10-30 12:32:00,21.47
2021-10-30 13:32:00,21.6
2021-10-30 14:32:00,21.72
2021-10-30 15:32:00,21.61
2021-10-30 16:32:00,21.55
2021-10-30 17:32:00,21.36
2021-10-30 18:32:00,21.23
2021-10-30 19:32:00,21.11
2021-10-30 20:32:00,20.99
2021-10-30 21:32:00,20.91
2021-10-30 22:32:00,20.87
2021-10-30 23:32:00,20.75
2021-10-31 00:32:00,20.75
2021-10-31 01:32:00,20.72
2021-10-31 02:32:00,20.63
2021-10-31 03:32:00,20.63
2021-10-31 04:32:00,20.62
2021-10-31 05:32:00,20.63
2021-10-31 06:32:00,20.62
2021-10-31 07:32:00,20.63
2021-10-31 08:32:00,20.62
2021-10-31 09:32:00,20.7
2021-10-31 10:32:00,20.87
2021-10-31 11:32:00,20.98
2021-10-31 12:32:00,20.99
2021-10-31 13:32:00,21.01
2021-10-31 14:32:00,21.09
2021-10-31 15:32:00,21.11
2021-10-31 16:32:00,21.07
2021-10-31 17:32:00,20.99
2021-10-31 18:32:00,20.99
2021-10-31 20:32:00,20.87
2021-10-31 21:32:00,20.87
2021-10-31 22:32:00,20.87
2021-10-31 23:32:00,20.87
2021-11-01 00:32:00,20.87
2021-11-01 01:32:00,20.87
2021-11-01 02:32:00,20.87
2021-11-01 03:32:00,20.87
2021-11-01 04:32:00,20.87
2021-11-01 05:32:00,20.87
2021-11-01 06:32:00,20.87
2021-11-01 07:32:00,20.87
2021-11-01 08:32:00,20.87
2021-11-01 09:32:00,20.87
2021-11-01 10:32:00,20.99
2021-11-01 11:32:00,20.99
2021-11-01 12:32:00,20.99
2021-11-01 13:32:00,20.99
2021-11-01 14:32:00,21.11
2021-11-01 17:00:00,21.12
2021-11-01 19:11:00,21.11
2021-11-01 20:11:00,21.12
2021-11-01 21:11:00,21.11
2021-11-01 22:11:00,20.99
2021-11-01 23:11:00,20.87
2021-11-02 00:11:00,20.87
2021-11-02 01:11:00,20.75
2021-11-02 02:11:00,20.66
2021-11-02 03:11:00,20.63
2021-11-02 04:11:00,20.55
2021-11-02 05:11:00,20.5
2021-11-02 06:11:00,20.5
2021-11-02 07:11:00,20.5
2021-11-02 08:11:00,20.51
2021-11-02 09:11:00,20.63
2021-11-02 10:11:00,20.87
2021-11-02 11:11:00,21.23
2021-11-02 12:11:00,21.48
2021-11-02 13:11:00,21.72
2021-11-02 14:11:00,21.84
2021-11-02 15:11:00,21.83
2021-11-02 16:11:00,21.6
2021-11-02 17:11:00,21.47
2021-11-02 18:11:00,21.23
2021-11-02 19:11:00,21.1
2021-11-02 20:11:00,20.92
2021-11-02 21:11:00,20.87
2021-11-02 22:11:00,20.75
2021-11-02 23:11:00,20.65
2021-11-03 00:11:00,20.62
2021-11-03 01:11:00,20.62
2021-11-03 02:11:00,20.63
2021-11-03 03:11:00,20.63
2021-11-03 04:11:00,20.63
2021-11-03 05:11:00,20.62
2021-11-03 06:11:00,20.63
2021-11-03 07:11:00,20.62
2021-11-03 08:11:00,20.63
2021-11-03 09:11:00,20.63
2021-11-03 11:07:00,20.87
2021-11-03 12:07:00,20.99
2021-11-03 13:07:00,21.11
2021-11-03 14:07:00,21.12
2021-11-03 15:07:00,21.23
2021-11-03 16:07:00,21.23
2021-11-03 17:07:00,21.13
2021-11-03 18:07:00,21.11
2021-11-03 19:07:00,21.11
2021-11-03 20:07:00,21.11
2021-11-03 21:07:00,21.11
2021-11-03 22:07:00,20.99
2021-11-03 23:55:00,20.85
2021-11-04 00:55:00,20.75
2021-11-04 01:55:00,20.63
2021-11-04 02:55:00,20.51
2021-11-04 03:55:00,20.47
2021-11-04 04:55:00,20.39
2021-11-04 05:55:00,20.38
2021-11-04 06:55:00,20.39
2021-11-04 07:55:00,20.38
2021-11-04 08:55:00,20.51
2021-11-04 09:55:00,20.75
2021-11-04 10:55:00,20.88
2021-11-04 11:55:00,20.99
2021-11-04 12:55:00,21.11
2021-11-04 13:55:00,21.1
2021-11-04 14:55:00,21.23
2021-11-04 15:55:00,21.11
2021-11-04 16:55:00,20.99
2021-11-04 17:55:00,20.79
2021-11-04 18:55:00,20.75
2021-11-04 19:55:00,20.62
2021-11-04 20:55:00,20.62
2021-11-04 21:55:00,20.5
2021-11-04 22:55:00,20.5
2021-11-04 23:55:00,20.39
2021-11-05 00:55:00,20.35
2021-11-05 01:55:00,20.26
2021-11-05 02:55:00,20.26
2021-11-05 03:55:00,20.26
2021-11-05 04:55:00,20.24
2021-11-05 05:55:00,20.15
2021-11-05 06:55:00,20.14
2021-11-05 07:55:00,20.16
2021-11-05 08:55:00,20.38
2021-11-05 09:55:00,20.51
2021-11-05 10:55:00,20.63
2021-11-05 11:55:00,20.75
2021-11-05 12:55:00,20.87
2021-11-05 13:55:00,20.89
2021-11-05 14:55:00,20.88
2021-11-05 15:55:00,20.75
2021-11-05 16:55:00,20.71
2021-11-05 17:55:00,20.63
2021-11-05 18:55:00,20.63
2021-11-05 19:55:00,20.51
2021-11-05 20:55:00,20.5
2021-11-05 21:55:00,20.38
2021-11-05 22:55:00,20.39
2021-11-05 23:55:00,20.38
2021-11-06 00:55:00,20.29
2021-11-06 01:55:00,20.26
2021-11-06 02:55:00,20.26
2021-11-06 03:55:00,20.27
2021-11-06 04:55:00,20.26
2021-11-06 05:55:00,20.26
2021-11-06 06:55:00,20.26
2021-11-06 07:55:00,20.26
2021-11-06 08:55:00,20.39
2021-11-06 09:55:00,20.51
2021-11-06 10:55:00,20.74
2021-11-06 11:55:00,20.98
2021-11-06 12:55:00,21.12
2021-11-06 13:55:00,21.24
2021-11-06 14:55:00,21.23
2021-11-06 15:55:00,21.01
2021-11-06 16:55:00,20.87
2021-11-06 17:55:00,20.65
2021-11-06 18:55:00,20.5
2021-11-06 19:55:00,20.39
2021-11-06 20:55:00,20.27
2021-11-06 21:55:00,20.25
2021-11-06 22:55:00,20.14
2021-11-06 23:55:00,20.15
2021-11-07 02:44:00,19.9
2021-11-07 03:44:00,20.02
2021-11-07 04:44:00,20.02
2021-11-07 05:44:00,20.02
2021-11-07 06:44:00,20.03
2021-11-07 07:44:00,20.14
2021-11-07 08:44:00,20.26
2021-11-07 09:44:00,20.51
2021-11-07 10:44:00,20.74
2021-11-07 11:44:00,20.99
2021-11-07 12:44:00,21.22
2021-11-07 13:44:00,21.24
2021-11-07 14:44:00,21.24
2021-11-07 15:44:00,21.24
2021-11-07 16:44:00,21.23
2021-11-07 17:44:00,21.23
2021-11-07 18:44:00,21.23
2021-11-07 19:44:00,21.22
2021-11-07 20:44:00,21.21
2021-11-07 21:44:00,21.11
2021-11-07 22:44:00,21.11
2021-11-07 23:44:00,21.11
2021-11-08 00:44:00,21.11
2021-11-08 01:44:00,21.11
2021-11-08 02:44:00,21
2021-11-08 03:44:00,20.98
2021-11-08 04:44:00,20.87
2021-11-08 05:44:00,20.75
2021-11-08 06:44:00,20.68
2021-11-08 07:44:00,20.63
2021-11-08 08:44:00,20.63
2021-11-08 09:44:00,20.87
2021-11-08 10:44:00,21.11
2021-11-08 11:44:00,21.23
2021-11-08 12:44:00,21.34
2021-11-08 13:44:00,21.48
2021-11-08 14:44:00,21.48
2021-11-08 15:44:00,21.45
2021-11-08 16:44:00,21.35
2021-11-08 17:44:00,21.23
2021-11-08 18:44:00,21.11
2021-11-08 19:44:00,20.99
2021-11-08 20:44:00,20.87
2021-11-08 21:44:00,20.75
2021-11-08 22:44:00,20.74
2021-11-08 23:44:00,20.63
2021-11-09 00:44:00,20.61
2021-11-09 01:44:00,20.43
2021-11-09 02:44:00,20.34
2021-11-09 03:44:00,20.26
2021-11-09 04:44:00,20.22
2021-11-09 05:44:00,20.15
2021-11-09 06:44:00,20.14
2021-11-09 07:44:00,20.14
2021-11-09 08:44:00,20.14
2021-11-09 09:44:00,20.26
2021-11-09 10:44:00,20.5
2021-11-09 11:44:00,20.63
2021-11-09 12:44:00,20.75
2021-11-09 13:44:00,20.87
