"TIME","pH"
2021-06-15 13:55:00,7.43975
2021-06-15 14:55:00,7.46609
2021-06-15 15:55:00,7.40629
2021-06-15 16:55:00,7.36621
2021-06-15 17:55:00,7.30145
2021-06-15 18:55:00,7.23934
2021-06-15 19:55:00,7.1836
2021-06-15 20:55:00,7.12712
2021-06-15 21:55:00,7.1137
2021-06-15 22:55:00,7.10798
2021-06-15 23:55:00,7.10364
2021-06-16 00:55:00,7.11032
2021-06-16 01:55:00,7.12129
2021-06-16 02:55:00,7.12424
2021-06-16 03:55:00,7.13029
2021-06-16 04:55:00,7.14226
2021-06-16 05:55:00,7.14806
2021-06-16 06:55:00,7.17982
2021-06-16 07:55:00,7.23096
2021-06-16 08:55:00,7.30439
2021-06-16 09:55:00,7.32828
2021-06-16 10:55:00,7.37882
2021-06-16 11:55:00,7.41439
2021-06-16 12:55:00,7.44979
2021-06-16 13:55:00,7.46578
2021-06-16 14:55:00,7.41349
2021-06-16 15:55:00,7.40527
2021-06-16 16:55:00,7.38597
2021-06-16 17:55:00,7.35253
2021-06-16 18:55:00,7.28904
2021-06-16 19:55:00,7.22124
2021-06-16 20:55:00,7.18447
2021-06-16 21:55:00,7.16669
2021-06-16 22:55:00,7.16823
2021-06-16 23:55:00,7.16937
2021-06-17 00:55:00,7.16038
2021-06-17 01:55:00,7.14915
2021-06-17 02:55:00,7.15912
2021-06-17 03:55:00,7.17058
2021-06-17 04:55:00,7.17379
2021-06-17 05:55:00,7.20618
2021-06-17 06:55:00,7.25636
2021-06-17 07:55:00,7.30852
2021-06-17 08:55:00,7.35688
2021-06-17 09:55:00,7.40314
2021-06-17 10:55:00,7.42744
2021-06-17 11:55:00,7.4527
2021-06-17 12:55:00,7.46466
2021-06-17 13:55:00,7.48089
2021-06-17 14:55:00,7.46631
2021-06-17 15:55:00,7.44161
2021-06-17 16:55:00,7.41034
2021-06-17 17:55:00,7.36994
2021-06-17 18:55:00,7.3254
2021-06-17 19:55:00,7.27734
2021-06-17 20:55:00,7.22753
2021-06-17 21:55:00,7.19766
2021-06-17 22:55:00,7.20402
2021-06-18 00:53:00,7.1735
2021-06-18 01:53:00,7.1802
2021-06-18 02:53:00,7.17344
2021-06-18 03:53:00,7.17973
2021-06-18 04:53:00,7.19377
2021-06-18 05:53:00,7.20551
2021-06-18 06:53:00,7.24276
2021-06-18 07:53:00,7.29423
2021-06-18 08:53:00,7.3171
2021-06-18 09:53:00,7.3643
2021-06-18 10:53:00,7.38044
2021-06-18 11:53:00,7.36565
2021-06-18 12:53:00,7.3799
2021-06-18 13:53:00,7.39083
2021-06-18 14:53:00,7.36909
2021-06-18 15:53:00,7.36726
2021-06-18 16:53:00,7.35252
2021-06-18 17:53:00,7.32006
2021-06-18 18:53:00,7.29899
2021-06-18 19:53:00,7.22637
2021-06-18 20:53:00,7.21607
2021-06-18 21:53:00,7.20751
2021-06-18 22:53:00,7.1886
2021-06-18 23:53:00,7.19563
2021-06-19 00:53:00,7.19931
2021-06-19 01:53:00,7.20099
2021-06-19 02:53:00,7.21285
2021-06-19 03:53:00,7.21772
2021-06-19 04:53:00,7.20572
2021-06-19 05:53:00,7.21825
2021-06-19 06:53:00,7.24107
2021-06-19 07:53:00,7.25441
2021-06-19 08:53:00,7.26298
2021-06-19 09:53:00,7.2987
2021-06-19 10:53:00,7.33204
2021-06-19 11:53:00,7.32491
2021-06-19 12:53:00,7.35908
2021-06-19 13:53:00,7.37345
2021-06-19 14:53:00,7.37002
2021-06-19 15:53:00,7.35343
2021-06-19 16:53:00,7.33753
2021-06-19 17:53:00,7.29976
2021-06-19 18:53:00,7.25717
2021-06-19 19:53:00,7.22202
2021-06-19 20:53:00,7.19764
2021-06-19 21:53:00,7.18883
2021-06-19 22:53:00,7.18193
2021-06-19 23:53:00,7.20051
2021-06-20 00:53:00,7.1869
2021-06-20 01:53:00,7.1904
2021-06-20 02:53:00,7.18736
2021-06-20 03:53:00,7.18221
2021-06-20 04:53:00,7.17041
2021-06-20 05:53:00,7.17189
2021-06-20 06:53:00,7.19255
2021-06-20 07:53:00,7.22934
2021-06-20 08:53:00,7.23788
2021-06-20 09:53:00,7.26008
2021-06-20 10:53:00,7.2821
2021-06-20 11:53:00,7.29099
2021-06-20 12:53:00,7.31133
2021-06-20 13:53:00,7.32116
2021-06-20 14:53:00,7.32328
2021-06-20 15:53:00,7.2904
2021-06-20 16:53:00,7.2861
2021-06-20 17:53:00,7.24212
2021-06-20 18:53:00,7.20992
2021-06-20 19:53:00,7.17831
2021-06-20 20:53:00,7.16476
2021-06-20 21:53:00,7.15409
2021-06-20 22:53:00,7.14686
2021-06-20 23:53:00,7.14696
2021-06-21 00:53:00,7.1445
2021-06-21 01:53:00,7.14394
2021-06-21 02:53:00,7.14698
2021-06-21 03:53:00,7.15015
2021-06-21 04:53:00,7.14264
2021-06-21 05:53:00,7.15326
2021-06-21 06:53:00,7.18056
2021-06-21 07:53:00,7.2115
2021-06-21 08:53:00,7.24349
2021-06-21 09:53:00,7.28417
2021-06-21 10:53:00,7.29398
2021-06-21 11:53:00,7.30437
2021-06-21 12:53:00,7.30302
2021-06-21 13:53:00,7.30943
2021-06-21 14:53:00,7.32427
2021-06-21 15:53:00,7.31649
2021-06-21 16:53:00,7.29094
2021-06-21 17:53:00,7.26665
2021-06-21 18:53:00,7.23806
2021-06-21 19:53:00,7.1987
2021-06-21 20:53:00,7.18711
2021-06-21 21:53:00,7.1858
2021-06-21 22:53:00,7.18525
2021-06-21 23:53:00,7.18462
2021-06-22 00:53:00,7.18994
2021-06-22 01:53:00,7.20886
2021-06-22 02:53:00,7.18244
2021-06-22 03:53:00,7.19001
2021-06-22 04:53:00,7.16823
2021-06-22 05:53:00,7.17421
2021-06-22 06:53:00,7.19384
2021-06-22 07:53:00,7.21608
2021-06-22 08:53:00,7.2201
2021-06-22 09:53:00,7.26447
2021-06-22 10:53:00,7.30245
2021-06-22 11:53:00,7.29795
2021-06-22 12:53:00,7.32109
2021-06-22 13:53:00,7.33083
2021-06-22 14:53:00,7.33123
2021-06-22 15:53:00,7.32423
2021-06-22 16:53:00,7.29794
2021-06-22 17:53:00,7.26203
2021-06-22 18:53:00,7.23447
2021-06-22 19:53:00,7.2101
2021-06-22 20:53:00,7.18621
2021-06-22 21:53:00,7.1873
2021-06-22 22:53:00,7.19358
2021-06-22 23:53:00,7.19268
2021-06-23 00:53:00,7.18725
2021-06-23 01:53:00,7.1816
2021-06-23 02:53:00,7.17901
2021-06-23 03:53:00,7.17575
2021-06-23 04:53:00,7.16344
2021-06-23 05:53:00,7.16101
2021-06-23 06:53:00,7.1799
2021-06-23 09:18:00,7.22131
2021-06-23 10:18:00,7.2372
2021-06-23 11:18:00,7.26196
2021-06-23 12:18:00,7.27823
2021-06-23 13:18:00,7.30441
2021-06-23 14:18:00,7.29847
2021-06-23 15:18:00,7.27293
2021-06-23 16:18:00,7.26002
2021-06-23 17:18:00,7.2453
2021-06-23 18:18:00,7.22212
2021-06-23 19:18:00,7.19239
2021-06-23 20:18:00,7.1693
2021-06-23 21:18:00,7.15718
2021-06-23 22:18:00,7.13877
2021-06-23 23:18:00,7.13881
2021-06-24 00:18:00,7.13999
2021-06-24 01:18:00,7.13604
2021-06-24 02:18:00,7.13851
2021-06-24 03:18:00,7.14265
2021-06-24 04:18:00,7.14362
2021-06-24 05:18:00,7.14375
2021-06-24 06:18:00,7.15769
2021-06-24 07:18:00,7.18995
2021-06-24 08:18:00,7.21188
2021-06-24 09:18:00,7.24879
2021-06-24 10:18:00,7.23511
2021-06-24 11:18:00,7.27048
2021-06-24 12:18:00,7.28811
2021-06-24 13:18:00,7.31499
2021-06-24 14:18:00,7.31732
2021-06-24 15:18:00,7.30186
2021-06-24 16:18:00,7.28537
2021-06-24 17:18:00,7.24897
2021-06-24 18:18:00,7.22659
2021-06-24 19:18:00,7.20105
2021-06-24 20:18:00,7.17509
2021-06-24 21:18:00,7.15503
2021-06-24 22:18:00,7.14757
2021-06-24 23:18:00,7.13818
2021-06-25 00:18:00,7.14153
2021-06-25 01:18:00,7.14787
2021-06-25 02:18:00,7.14153
2021-06-25 03:18:00,7.14697
2021-06-25 04:18:00,7.14548
2021-06-25 05:18:00,7.13931
2021-06-25 06:18:00,7.17265
2021-06-25 07:18:00,7.19622
2021-06-25 08:18:00,7.22109
2021-06-25 09:18:00,7.25502
2021-06-25 10:18:00,7.27232
2021-06-25 11:18:00,7.30159
2021-06-25 12:18:00,7.29536
2021-06-25 13:18:00,7.29179
2021-06-25 14:18:00,7.30602
2021-06-25 15:18:00,7.31751
2021-06-25 16:18:00,7.31598
2021-06-25 17:18:00,7.30638
2021-06-25 18:18:00,7.28603
2021-06-25 19:18:00,7.24244
2021-06-25 20:18:00,7.21759
2021-06-25 21:18:00,7.19769
2021-06-25 22:18:00,7.18858
2021-06-25 23:18:00,7.17756
2021-06-26 00:18:00,7.18268
2021-06-26 01:18:00,7.16919
2021-06-26 02:18:00,7.16845
2021-06-26 03:18:00,7.16707
2021-06-26 04:18:00,7.16694
2021-06-26 05:18:00,7.1786
2021-06-26 06:18:00,7.18368
2021-06-26 07:18:00,7.21677
2021-06-26 08:18:00,7.26654
2021-06-26 09:18:00,7.30941
2021-06-26 10:18:00,7.36998
2021-06-26 11:18:00,7.40098
2021-06-26 12:18:00,7.38917
2021-06-26 13:18:00,7.42451
2021-06-26 14:18:00,7.42719
2021-06-26 15:18:00,7.4227
2021-06-26 16:18:00,7.40751
2021-06-26 17:18:00,7.37974
2021-06-26 18:18:00,7.34144
2021-06-26 19:18:00,7.29916
2021-06-26 20:18:00,7.24499
2021-06-26 21:18:00,7.23372
2021-06-26 22:18:00,7.221
2021-06-26 23:18:00,7.21188
2021-06-27 00:18:00,7.19582
2021-06-27 01:18:00,7.19914
2021-06-27 02:18:00,7.19095
2021-06-27 03:18:00,7.19355
2021-06-27 04:18:00,7.17334
2021-06-27 05:18:00,7.17654
2021-06-27 06:18:00,7.20443
2021-06-27 07:18:00,7.24564
2021-06-27 08:18:00,7.31631
2021-06-27 09:18:00,7.34024
2021-06-27 10:18:00,7.38157
2021-06-27 11:18:00,7.39643
2021-06-27 12:18:00,7.43601
2021-06-27 13:18:00,7.44951
2021-06-27 14:18:00,7.46093
2021-06-27 15:18:00,7.45685
2021-06-27 16:18:00,7.43103
2021-06-27 17:18:00,7.4006
2021-06-27 18:18:00,7.36116
2021-06-27 19:18:00,7.31894
2021-06-27 20:18:00,7.27348
2021-06-27 21:18:00,7.2567
2021-06-27 22:18:00,7.24501
2021-06-27 23:18:00,7.23061
2021-06-28 00:18:00,7.23164
2021-06-28 01:18:00,7.22162
2021-06-28 02:18:00,7.21606
2021-06-28 03:18:00,7.20602
2021-06-28 04:18:00,7.21691
2021-06-28 05:18:00,7.20785
2021-06-28 06:18:00,7.22296
2021-06-28 07:18:00,7.27046
2021-06-28 08:18:00,7.31397
2021-06-28 09:18:00,7.33383
2021-06-28 10:18:00,7.35127
2021-06-28 11:18:00,7.35806
2021-06-28 12:18:00,7.36893
2021-06-28 13:18:00,7.38855
2021-06-28 14:18:00,7.38236
2021-06-28 15:18:00,7.32451
2021-06-28 16:18:00,7.30266
2021-06-28 17:18:00,7.26933
2021-06-28 18:18:00,7.24895
2021-06-28 19:18:00,7.23091
2021-06-28 20:18:00,7.18771
2021-06-28 21:18:00,7.16104
2021-06-28 22:18:00,7.15095
2021-06-28 23:18:00,7.14397
2021-06-29 00:18:00,7.14333
2021-06-29 01:18:00,7.13924
2021-06-29 02:18:00,7.13706
2021-06-29 03:18:00,7.1456
2021-06-29 04:18:00,7.15416
2021-06-29 05:18:00,7.17143
2021-06-29 06:18:00,7.18349
2021-06-29 07:18:00,7.22336
2021-06-29 08:18:00,7.25559
2021-06-29 09:18:00,7.28747
2021-06-29 10:18:00,7.2684
2021-06-29 11:18:00,7.29736
2021-06-29 12:18:00,7.28057
2021-06-29 13:18:00,7.33157
2021-06-29 14:18:00,7.34671
2021-06-29 15:18:00,7.29205
2021-06-29 16:18:00,7.28109
2021-06-29 17:18:00,7.24111
2021-06-29 18:18:00,7.22345
2021-06-29 19:18:00,7.20201
2021-06-29 20:18:00,7.17204
2021-06-29 21:18:00,7.14888
2021-06-29 22:18:00,7.14222
2021-06-29 23:18:00,7.13842
2021-06-30 00:18:00,7.13748
2021-06-30 01:18:00,7.14318
2021-06-30 02:18:00,7.14515
2021-06-30 03:18:00,7.15954
2021-06-30 04:18:00,7.16394
2021-06-30 05:18:00,7.17473
2021-06-30 06:18:00,7.19442
2021-06-30 07:18:00,7.23848
2021-06-30 08:18:00,7.25745
2021-06-30 09:18:00,7.29928
2021-06-30 14:59:00,7.33278
2021-06-30 15:59:00,7.29309
2021-06-30 16:59:00,7.30549
2021-06-30 17:59:00,7.27866
2021-06-30 18:59:00,7.25652
2021-06-30 19:59:00,7.21923
2021-06-30 20:59:00,7.20004
2021-06-30 21:59:00,7.20389
2021-06-30 22:59:00,7.19389
2021-06-30 23:59:00,7.19463
2021-07-01 00:59:00,7.18084
2021-07-01 01:59:00,7.20056
2021-07-01 02:59:00,7.19179
2021-07-01 03:59:00,7.19613
2021-07-01 04:59:00,7.20206
2021-07-01 05:59:00,7.21255
2021-07-01 06:59:00,7.25791
2021-07-01 07:59:00,7.25133
2021-07-01 08:59:00,7.28311
2021-07-01 09:59:00,7.33452
2021-07-01 10:59:00,7.33021
2021-07-01 11:59:00,7.35067
2021-07-01 12:59:00,7.35354
2021-07-01 13:59:00,7.3545
2021-07-01 14:59:00,7.34664
2021-07-01 15:59:00,7.32943
2021-07-01 16:59:00,7.30435
2021-07-01 17:59:00,7.27681
2021-07-01 18:59:00,7.25123
2021-07-01 19:59:00,7.23138
2021-07-01 20:59:00,7.21236
2021-07-01 21:59:00,7.20585
2021-07-01 22:59:00,7.20024
2021-07-01 23:59:00,7.18752
2021-07-02 00:59:00,7.19018
2021-07-02 01:59:00,7.19619
2021-07-02 02:59:00,7.19268
2021-07-02 03:59:00,7.1918
2021-07-02 04:59:00,7.1827
2021-07-02 05:59:00,7.1978
2021-07-02 06:59:00,7.21865
2021-07-02 07:59:00,7.26466
2021-07-02 08:59:00,7.28643
2021-07-02 09:59:00,7.33402
2021-07-02 10:59:00,7.34374
2021-07-02 11:59:00,7.36517
2021-07-02 12:59:00,7.38247
2021-07-02 13:59:00,7.40572
2021-07-02 14:59:00,7.35906
2021-07-02 15:59:00,7.33484
2021-07-02 16:59:00,7.33236
2021-07-02 17:59:00,7.33297
2021-07-02 18:59:00,7.31375
2021-07-02 19:59:00,7.27946
2021-07-02 20:59:00,7.24685
2021-07-02 21:59:00,7.23835
2021-07-02 22:59:00,7.2226
2021-07-02 23:59:00,7.22668
2021-07-03 00:59:00,7.22547
2021-07-03 01:59:00,7.21917
2021-07-03 02:59:00,7.22805
2021-07-03 03:59:00,7.22719
2021-07-03 04:59:00,7.2404
2021-07-03 05:59:00,7.26117
2021-07-03 06:59:00,7.29841
2021-07-03 07:59:00,7.35459
2021-07-03 08:59:00,7.37143
2021-07-03 09:59:00,7.4034
2021-07-03 10:59:00,7.44016
2021-07-03 11:59:00,7.39299
2021-07-03 12:59:00,7.41123
2021-07-03 13:59:00,7.41097
2021-07-03 14:59:00,7.40881
2021-07-03 15:59:00,7.31802
2021-07-03 16:59:00,7.29027
2021-07-03 17:59:00,7.27028
2021-07-03 18:59:00,7.25406
2021-07-03 19:59:00,7.21201
2021-07-03 20:59:00,7.20039
2021-07-03 21:59:00,7.17575
2021-07-03 22:59:00,7.17461
2021-07-03 23:59:00,7.17152
2021-07-04 00:59:00,7.17261
2021-07-04 01:59:00,7.17616
2021-07-04 02:59:00,7.17699
2021-07-04 03:59:00,7.18011
2021-07-04 04:59:00,7.1892
2021-07-04 05:59:00,7.20883
2021-07-04 06:59:00,7.24098
2021-07-04 07:59:00,7.29299
2021-07-04 08:59:00,7.25844
2021-07-04 09:59:00,7.2914
2021-07-04 10:59:00,7.29819
2021-07-04 11:59:00,7.26872
2021-07-04 12:59:00,7.29395
2021-07-04 13:59:00,7.30736
2021-07-04 14:59:00,7.27253
2021-07-04 15:59:00,7.26623
2021-07-04 16:59:00,7.2385
2021-07-04 17:59:00,7.22511
2021-07-04 18:59:00,7.21876
2021-07-04 19:59:00,7.19272
2021-07-04 20:59:00,7.17835
2021-07-04 21:59:00,7.17289
2021-07-04 22:59:00,7.17444
2021-07-04 23:59:00,7.16471
2021-07-05 00:59:00,7.17776
2021-07-05 01:59:00,7.17932
2021-07-05 02:59:00,7.18271
2021-07-05 03:59:00,7.18921
2021-07-05 04:59:00,7.19353
2021-07-05 05:59:00,7.21256
2021-07-05 06:59:00,7.24352
2021-07-05 07:59:00,7.28446
2021-07-05 08:59:00,7.27273
2021-07-05 09:59:00,7.28422
2021-07-05 10:59:00,7.29537
2021-07-05 11:59:00,7.27379
2021-07-05 12:59:00,7.29628
2021-07-05 13:59:00,7.30918
2021-07-05 14:59:00,7.26828
2021-07-05 15:59:00,7.25001
2021-07-05 16:59:00,7.22715
2021-07-05 17:59:00,7.21547
2021-07-05 18:59:00,7.20258
2021-07-05 19:59:00,7.19542
2021-07-05 20:59:00,7.18813
2021-07-05 21:59:00,7.18054
2021-07-05 22:59:00,7.1697
2021-07-05 23:59:00,7.17506
2021-07-06 00:59:00,7.1677
2021-07-06 01:59:00,7.17029
2021-07-06 02:59:00,7.18245
2021-07-06 03:59:00,7.18495
2021-07-06 04:59:00,7.20879
2021-07-06 05:59:00,7.21858
2021-07-06 06:59:00,7.24602
2021-07-06 07:59:00,7.27295
2021-07-06 08:59:00,7.2856
2021-07-06 09:59:00,7.31667
2021-07-06 10:59:00,7.32858
2021-07-06 11:59:00,7.30523
2021-07-06 12:59:00,7.3051
2021-07-06 13:59:00,7.29851
2021-07-06 14:59:00,7.27986
2021-07-06 15:59:00,7.2351
2021-07-06 16:59:00,7.22067
2021-07-06 17:59:00,7.20663
2021-07-06 18:59:00,7.18127
2021-07-06 19:59:00,7.16043
2021-07-06 20:59:00,7.15585
2021-07-06 21:59:00,7.14593
2021-07-06 22:59:00,7.14148
2021-07-06 23:59:00,7.15245
2021-07-07 00:59:00,7.13664
2021-07-07 01:59:00,7.15505
2021-07-07 02:59:00,7.15989
2021-07-07 03:59:00,7.16565
2021-07-07 04:59:00,7.17025
2021-07-07 05:59:00,7.19387
2021-07-07 06:59:00,7.21685
2021-07-07 07:59:00,7.26924
2021-07-07 08:59:00,7.28063
2021-07-07 09:59:00,7.28992
2021-07-07 10:59:00,7.27192
2021-07-07 11:59:00,7.28773
2021-07-07 12:59:00,7.32065
2021-07-07 13:59:00,7.30294
2021-07-07 15:35:00,7.30729
2021-07-07 16:35:00,7.28654
2021-07-07 17:35:00,7.25944
2021-07-07 18:35:00,7.26516
2021-07-07 19:35:00,7.24417
2021-07-07 20:35:00,7.21571
2021-07-07 21:35:00,7.21279
2021-07-07 22:35:00,7.2129
2021-07-07 23:35:00,7.21145
2021-07-08 00:35:00,7.21292
2021-07-08 01:35:00,7.21703
2021-07-08 02:35:00,7.21591
2021-07-08 03:35:00,7.2205
2021-07-08 04:35:00,7.23016
2021-07-08 05:35:00,7.24701
2021-07-08 06:35:00,7.25341
2021-07-08 07:35:00,7.26966
2021-07-08 08:35:00,7.25615
2021-07-08 09:35:00,8.08693
2021-07-08 10:35:00,7.2343
2021-07-08 11:35:00,7.25719
2021-07-08 12:35:00,7.29611
2021-07-08 13:35:00,7.31903
2021-07-08 14:35:00,7.30664
2021-07-08 15:35:00,7.27039
2021-07-08 16:35:00,7.26839
2021-07-08 17:35:00,7.26163
2021-07-08 18:35:00,7.24492
2021-07-08 19:35:00,7.22426
2021-07-08 20:35:00,7.20548
2021-07-08 21:35:00,7.19625
2021-07-08 22:35:00,7.20359
2021-07-08 23:35:00,7.20582
2021-07-09 00:35:00,7.21392
2021-07-09 01:35:00,7.21856
2021-07-09 02:35:00,7.21945
2021-07-09 03:35:00,7.23707
2021-07-09 04:35:00,7.24306
2021-07-09 05:35:00,7.25171
2021-07-09 06:35:00,7.26374
2021-07-09 07:35:00,7.29283
2021-07-09 08:35:00,7.26896
2021-07-09 09:35:00,7.28695
2021-07-09 10:35:00,7.3105
2021-07-09 11:35:00,7.33294
2021-07-09 12:35:00,7.34919
2021-07-09 13:35:00,7.37035
2021-07-09 14:35:00,7.34681
2021-07-09 15:35:00,7.31502
2021-07-09 16:35:00,7.30157
2021-07-09 17:35:00,7.28596
2021-07-09 18:35:00,7.26813
2021-07-09 19:35:00,7.24195
2021-07-09 20:35:00,7.2259
2021-07-09 21:35:00,7.2102
2021-07-09 22:35:00,7.21333
2021-07-09 23:35:00,7.20795
2021-07-10 00:35:00,7.2088
2021-07-10 01:35:00,7.21404
2021-07-10 02:35:00,7.22824
2021-07-10 03:35:00,7.23239
2021-07-10 04:35:00,7.22119
2021-07-10 05:35:00,7.22999
2021-07-10 06:35:00,7.25314
2021-07-10 07:35:00,7.29315
2021-07-10 08:35:00,7.26221
2021-07-10 09:35:00,7.30395
2021-07-10 10:35:00,7.30692
2021-07-10 11:35:00,7.32236
2021-07-10 12:35:00,7.34893
2021-07-10 13:35:00,7.37245
2021-07-10 14:35:00,7.38608
2021-07-10 15:35:00,7.33655
2021-07-10 16:35:00,7.30991
2021-07-10 17:35:00,7.2945
2021-07-10 18:35:00,7.28478
2021-07-10 19:35:00,7.25074
2021-07-10 20:35:00,7.22877
2021-07-10 21:35:00,7.21841
2021-07-10 22:35:00,7.21356
2021-07-10 23:35:00,7.21269
2021-07-11 00:35:00,7.22
2021-07-11 01:35:00,7.21801
2021-07-11 02:35:00,7.2267
2021-07-11 03:35:00,7.22766
2021-07-11 04:35:00,7.23851
2021-07-11 05:35:00,7.2497
2021-07-11 06:35:00,7.27807
2021-07-11 07:35:00,7.29193
2021-07-11 08:35:00,7.27656
2021-07-11 09:35:00,7.31596
2021-07-11 10:35:00,7.32916
2021-07-11 11:35:00,7.35467
2021-07-11 12:35:00,7.36761
2021-07-11 13:35:00,7.39736
2021-07-11 14:35:00,7.41243
2021-07-11 15:35:00,7.35021
2021-07-11 16:35:00,7.32278
2021-07-11 17:35:00,7.28012
2021-07-11 18:35:00,7.25723
2021-07-11 19:35:00,7.23163
2021-07-11 20:35:00,7.20923
2021-07-11 21:35:00,7.19979
2021-07-11 22:35:00,7.19926
2021-07-11 23:35:00,7.19851
2021-07-12 00:35:00,7.20332
2021-07-12 01:35:00,7.20446
2021-07-12 02:35:00,7.21074
2021-07-12 03:35:00,7.21536
2021-07-12 04:35:00,7.21124
2021-07-12 05:35:00,7.2196
2021-07-12 06:35:00,7.25818
2021-07-12 07:35:00,7.27959
2021-07-12 08:35:00,7.2694
2021-07-12 09:35:00,7.3099
2021-07-12 10:35:00,7.31956
2021-07-12 11:35:00,7.33094
2021-07-12 12:35:00,7.35804
2021-07-13 09:05:00,7.24871
2021-07-13 10:05:00,7.25697
2021-07-13 11:05:00,7.28836
2021-07-13 12:05:00,7.31393
2021-07-13 13:05:00,7.34509
2021-07-13 14:05:00,7.35699
2021-07-13 15:05:00,7.32334
2021-07-13 16:05:00,7.31542
2021-07-13 17:05:00,7.29436
2021-07-13 18:05:00,7.27165
2021-07-13 19:05:00,7.24855
2021-07-13 20:05:00,7.22478
2021-07-13 21:05:00,7.2083
2021-07-13 22:05:00,7.22012
2021-07-13 23:05:00,7.21652
2021-07-14 00:05:00,7.21348
2021-07-14 01:05:00,7.22323
2021-07-14 02:05:00,7.22879
2021-07-14 03:05:00,7.22497
2021-07-14 04:05:00,7.22909
2021-07-14 05:05:00,7.23147
2021-07-14 06:05:00,7.2591
2021-07-14 07:05:00,7.26914
2021-07-14 08:05:00,7.27486
2021-07-14 09:05:00,7.27586
2021-07-14 10:05:00,7.29302
2021-07-14 11:05:00,7.2994
2021-07-14 12:05:00,7.3207
2021-07-14 13:05:00,7.34712
2021-07-14 14:05:00,7.3628
2021-07-14 16:00:00,7.32269
2021-07-14 17:00:00,7.28358
2021-07-14 18:00:00,7.27065
2021-07-14 19:00:00,7.25134
2021-07-14 20:00:00,7.22127
2021-07-14 21:00:00,7.21215
2021-07-14 22:00:00,7.19819
2021-07-14 23:00:00,7.19854
2021-07-15 00:00:00,7.20939
2021-07-15 01:00:00,7.20805
2021-07-15 02:00:00,7.21407
2021-07-15 03:00:00,7.22709
2021-07-15 04:00:00,7.22718
2021-07-15 05:00:00,7.23692
2021-07-15 06:00:00,7.24916
2021-07-15 07:00:00,7.25892
2021-07-15 08:00:00,7.26335
2021-07-15 09:00:00,7.25576
2021-07-15 10:00:00,7.29068
2021-07-15 11:00:00,7.31003
2021-07-15 12:00:00,7.3225
2021-07-15 13:00:00,7.35658
2021-07-15 14:00:00,7.36397
2021-07-15 15:00:00,7.32846
2021-07-15 16:00:00,7.30005
2021-07-15 17:00:00,7.27042
2021-07-15 18:00:00,7.25133
2021-07-15 19:00:00,7.2305
2021-07-15 20:00:00,7.21242
2021-07-15 21:00:00,7.18963
2021-07-15 22:00:00,7.19003
2021-07-15 23:00:00,7.18369
2021-07-16 00:00:00,7.18223
2021-07-16 01:00:00,7.18956
2021-07-16 02:00:00,7.19237
2021-07-16 03:00:00,7.19847
2021-07-16 04:00:00,7.20555
2021-07-16 05:00:00,7.20316
2021-07-16 06:00:00,7.22522
2021-07-16 07:00:00,7.24615
2021-07-16 08:00:00,7.26204
2021-07-16 09:00:00,7.27261
2021-07-16 10:00:00,7.25067
2021-07-16 11:00:00,7.23874
2021-07-16 12:00:00,7.25448
2021-07-16 13:00:00,7.28161
2021-07-16 14:00:00,7.30565
2021-07-16 15:00:00,7.28439
2021-07-16 16:00:00,7.27947
2021-07-16 17:00:00,7.2456
2021-07-16 18:00:00,7.21566
2021-07-16 19:00:00,7.20975
2021-07-16 20:00:00,7.19435
2021-07-16 21:00:00,7.18408
2021-07-16 22:00:00,7.18033
2021-07-16 23:00:00,7.17572
2021-07-17 00:00:00,7.17509
2021-07-17 01:00:00,7.18323
2021-07-17 02:00:00,7.18209
2021-07-17 03:00:00,7.18846
2021-07-17 04:00:00,7.18835
2021-07-17 05:00:00,7.1915
2021-07-17 06:00:00,7.19006
2021-07-17 07:00:00,7.20538
2021-07-17 08:00:00,7.22055
2021-07-17 09:00:00,7.22306
2021-07-17 10:00:00,7.24303
2021-07-17 11:00:00,7.24704
2021-07-17 12:00:00,7.26138
2021-07-17 13:00:00,7.27859
2021-07-17 14:00:00,7.27466
2021-07-17 15:00:00,7.2561
2021-07-17 16:00:00,7.23638
2021-07-17 17:00:00,7.23235
2021-07-17 18:00:00,7.21975
2021-07-17 19:00:00,7.19991
2021-07-17 20:00:00,7.18593
2021-07-17 21:00:00,7.16886
2021-07-17 22:00:00,7.16318
2021-07-17 23:00:00,7.16446
2021-07-18 00:00:00,7.16226
2021-07-18 01:00:00,7.1768
2021-07-18 02:00:00,7.16486
2021-07-18 03:00:00,7.1743
2021-07-18 04:00:00,7.1717
2021-07-18 05:00:00,7.17662
2021-07-18 06:00:00,7.1971
2021-07-18 07:00:00,7.21651
2021-07-18 08:00:00,7.21866
2021-07-18 09:00:00,7.20867
2021-07-18 10:00:00,7.21325
2021-07-18 11:00:00,7.22486
2021-07-18 12:00:00,7.22938
2021-07-18 13:00:00,7.28352
2021-07-18 14:00:00,7.29022
2021-07-18 15:00:00,7.21676
2021-07-18 16:00:00,7.20352
2021-07-18 17:00:00,7.19947
2021-07-18 18:00:00,7.1695
2021-07-18 19:00:00,7.15569
2021-07-18 20:00:00,7.14447
2021-07-18 21:00:00,7.13511
2021-07-18 22:00:00,7.12616
2021-07-18 23:00:00,7.13445
2021-07-19 00:00:00,7.13504
2021-07-19 01:00:00,7.15013
2021-07-19 02:00:00,7.15963
2021-07-19 03:00:00,7.15389
2021-07-19 04:00:00,7.17382
2021-07-19 05:00:00,7.18201
2021-07-19 06:00:00,7.17204
2021-07-19 07:00:00,7.2117
2021-07-19 08:00:00,7.25088
2021-07-19 09:00:00,7.26974
2021-07-19 10:00:00,7.29462
2021-07-19 11:00:00,7.30522
2021-07-19 12:00:00,7.31088
2021-07-19 13:00:00,7.32654
2021-07-19 14:00:00,7.31535
2021-07-19 15:00:00,7.29553
2021-07-19 16:00:00,7.24483
2021-07-19 17:00:00,7.20495
2021-07-19 18:00:00,7.19805
2021-07-19 19:00:00,7.19347
2021-07-19 20:00:00,7.17494
2021-07-19 21:00:00,7.15932
2021-07-19 22:00:00,7.17241
2021-07-19 23:00:00,7.16726
2021-07-20 00:00:00,7.16787
2021-07-20 01:00:00,7.18096
2021-07-20 02:00:00,7.17823
2021-07-20 03:00:00,7.17769
2021-07-20 04:00:00,7.19373
2021-07-20 05:00:00,7.19658
2021-07-20 06:00:00,7.21456
2021-07-20 07:00:00,7.24559
2021-07-20 08:00:00,7.26562
2021-07-20 09:00:00,7.26772
2021-07-20 10:00:00,7.28715
2021-07-20 11:00:00,7.30606
2021-07-20 12:00:00,7.29718
2021-07-20 13:00:00,7.33666
2021-07-20 14:00:00,7.34598
2021-07-20 15:00:00,7.33221
2021-07-20 16:00:00,7.26975
2021-07-20 17:00:00,7.25414
2021-07-20 18:00:00,7.22059
2021-07-20 19:00:00,7.20066
2021-07-20 20:00:00,7.18372
2021-07-20 21:00:00,7.17523
2021-07-20 22:00:00,7.16655
2021-07-20 23:00:00,7.17641
2021-07-21 00:00:00,7.17537
2021-07-21 01:00:00,7.18344
2021-07-21 02:00:00,7.18772
2021-07-21 03:00:00,7.18664
2021-07-21 04:00:00,7.18501
2021-07-21 05:00:00,7.1905
2021-07-21 06:00:00,7.22349
2021-07-21 07:00:00,7.23689
2021-07-21 08:00:00,7.2361
2021-07-21 09:00:00,7.25349
2021-07-21 10:00:00,7.19701
2021-07-21 11:00:00,7.2285
2021-07-21 12:00:00,7.23834
2021-07-21 13:00:00,7.27877
2021-07-21 14:00:00,7.2989
2021-07-21 15:00:00,7.26351
2021-07-21 16:00:00,7.25083
2021-07-21 17:00:00,7.23986
2021-07-21 18:00:00,7.22612
2021-07-21 19:00:00,7.21216
2021-07-21 20:00:00,7.19521
2021-07-21 21:00:00,7.17953
2021-07-21 22:00:00,7.17804
2021-07-21 23:00:00,7.18329
2021-07-22 00:00:00,7.18593
2021-07-22 01:00:00,7.20428
2021-07-22 02:00:00,7.20729
2021-07-22 03:00:00,7.21805
2021-07-22 04:00:00,7.22846
2021-07-22 05:00:00,7.22809
2021-07-22 06:00:00,7.24581
2021-07-22 07:00:00,7.26326
2021-07-22 08:00:00,7.25596
2021-07-22 09:00:00,7.23569
2021-07-22 10:00:00,7.24613
2021-07-22 11:00:00,7.2674
2021-07-22 12:00:00,7.288
2021-07-22 13:00:00,7.29934
2021-07-22 14:00:00,7.30521
2021-07-22 15:00:00,7.28983
2021-07-22 16:00:00,7.2453
2021-07-22 17:00:00,7.26265
2021-07-22 18:00:00,7.22954
2021-07-22 19:00:00,7.21167
2021-07-22 20:00:00,7.19781
2021-07-22 21:00:00,7.19241
2021-07-22 22:00:00,7.18758
2021-07-22 23:00:00,7.19124
2021-07-23 00:00:00,7.18869
2021-07-23 01:00:00,7.19849
2021-07-23 02:00:00,7.20441
2021-07-23 03:00:00,7.21392
2021-07-23 04:00:00,7.22178
2021-07-23 05:00:00,7.22801
2021-07-23 06:00:00,7.23276
2021-07-23 07:00:00,7.24346
2021-07-23 08:00:00,7.24757
2021-07-23 09:00:00,7.25323
2021-07-23 10:00:00,7.26627
2021-07-23 11:00:00,7.28675
2021-07-23 12:00:00,7.29099
2021-07-23 13:00:00,7.32765
2021-07-23 14:00:00,7.34349
2021-07-23 15:00:00,7.31315
2021-07-23 16:00:00,7.28707
2021-07-23 17:00:00,7.27758
2021-07-23 18:00:00,7.25165
2021-07-23 19:00:00,7.23061
2021-07-23 20:00:00,7.20606
2021-07-23 21:00:00,7.19172
2021-07-23 22:00:00,7.18705
2021-07-23 23:00:00,7.19024
2021-07-24 00:00:00,7.19611
2021-07-24 01:00:00,7.20676
2021-07-24 02:00:00,7.21198
2021-07-24 03:00:00,7.21088
2021-07-24 04:00:00,7.20747
2021-07-24 05:00:00,7.21529
2021-07-24 06:00:00,7.23042
2021-07-24 07:00:00,7.25401
2021-07-24 08:00:00,7.2601
2021-07-24 09:00:00,7.25351
2021-07-24 10:00:00,7.27498
2021-07-24 11:00:00,7.30104
2021-07-24 12:00:00,7.29336
2021-07-24 13:00:00,7.31917
2021-07-24 14:00:00,7.3216
2021-07-24 15:00:00,7.26135
2021-07-24 16:00:00,7.24833
2021-07-24 17:00:00,7.24279
2021-07-24 18:00:00,7.23124
2021-07-24 19:00:00,7.21594
2021-07-24 20:00:00,7.20141
2021-07-24 21:00:00,7.18553
2021-07-24 22:00:00,7.18907
2021-07-24 23:00:00,7.19999
2021-07-25 00:00:00,7.1916
2021-07-25 01:00:00,7.2045
2021-07-25 02:00:00,7.20145
2021-07-25 03:00:00,7.21819
2021-07-25 04:00:00,7.22313
2021-07-25 05:00:00,7.23028
2021-07-25 06:00:00,7.20218
2021-07-25 07:00:00,7.24843
2021-07-25 08:00:00,7.25272
2021-07-25 09:00:00,7.24656
2021-07-25 10:00:00,7.26074
2021-07-25 11:00:00,7.26459
2021-07-25 12:00:00,7.26994
2021-07-25 13:00:00,7.25628
2021-07-25 14:00:00,7.28874
2021-07-25 15:00:00,7.27538
2021-07-25 16:00:00,7.25137
2021-07-25 17:00:00,7.23692
2021-07-25 18:00:00,7.21863
2021-07-25 19:00:00,7.20972
2021-07-25 20:00:00,7.20113
2021-07-25 21:00:00,7.19867
2021-07-25 22:00:00,7.19669
2021-07-25 23:00:00,7.19559
2021-07-26 00:00:00,7.20435
2021-07-26 01:00:00,7.20168
2021-07-26 02:00:00,7.21559
2021-07-26 03:00:00,7.21917
2021-07-26 04:00:00,7.22829
2021-07-26 05:00:00,7.2209
2021-07-26 06:00:00,7.23396
2021-07-26 07:00:00,7.25897
2021-07-26 08:00:00,7.24048
2021-07-26 09:00:00,7.23091
2021-07-26 10:00:00,7.11688
2021-07-26 11:00:00,7.27445
2021-07-26 12:00:00,7.26927
2021-07-26 13:00:00,7.28108
2021-07-26 14:00:00,7.27312
2021-07-26 15:00:00,7.25327
2021-07-26 16:00:00,7.25992
2021-07-26 17:00:00,7.27848
2021-07-26 18:00:00,7.25515
2021-07-26 19:00:00,7.24268
2021-07-26 20:00:00,7.22774
2021-07-26 21:00:00,7.21878
2021-07-26 22:00:00,7.22223
2021-07-26 23:00:00,7.23134
2021-07-27 00:00:00,7.23198
2021-07-27 01:00:00,7.23611
2021-07-27 02:00:00,7.24398
2021-07-27 03:00:00,7.24906
2021-07-27 04:00:00,7.25576
2021-07-27 05:00:00,7.26651
2021-07-27 06:00:00,7.26869
2021-07-27 07:00:00,7.2841
2021-07-27 08:00:00,7.26561
2021-07-27 09:00:00,7.25371
2021-07-27 10:00:00,7.25343
2021-07-27 11:00:00,7.26473
2021-07-27 12:00:00,7.28709
2021-07-27 13:00:00,7.32972
2021-07-27 14:00:00,7.34379
2021-07-27 15:00:00,7.32429
2021-07-27 16:00:00,7.29456
2021-07-27 17:00:00,7.2759
2021-07-27 18:00:00,7.25344
2021-07-27 19:00:00,7.23306
2021-07-27 20:00:00,7.21608
2021-07-27 21:00:00,7.20823
2021-07-27 22:00:00,7.20276
2021-07-27 23:00:00,7.20526
2021-07-28 00:00:00,7.20885
2021-07-28 01:00:00,7.21304
2021-07-28 02:00:00,7.21766
2021-07-28 03:00:00,7.2251
2021-07-28 04:00:00,7.23396
2021-07-28 05:00:00,7.23856
2021-07-28 06:00:00,7.24693
2021-07-28 07:00:00,7.27674
2021-07-28 08:00:00,7.2889
2021-07-28 09:00:00,7.30214
2021-07-28 10:00:00,7.32145
2021-07-28 11:00:00,7.29522
2021-07-28 12:00:00,7.32647
2021-07-28 13:00:00,7.34196
2021-07-28 14:00:00,7.35811
2021-07-28 15:00:00,7.31406
2021-07-28 16:00:00,7.27741
2021-07-28 17:00:00,7.27981
2021-07-28 18:00:00,7.24899
2021-07-28 19:00:00,7.23264
2021-07-28 20:00:00,7.20872
2021-07-28 21:00:00,7.20827
2021-07-28 22:00:00,7.20507
2021-07-28 23:00:00,7.19936
2021-07-29 00:00:00,7.21254
2021-07-29 01:00:00,7.21952
2021-07-29 02:00:00,7.22948
2021-07-29 03:00:00,7.2372
2021-07-29 04:00:00,7.23811
2021-07-29 05:00:00,7.24867
2021-07-29 06:00:00,7.2641
2021-07-29 07:00:00,7.29126
2021-07-29 08:00:00,7.29379
2021-07-29 09:00:00,7.25303
2021-07-29 10:00:00,7.30808
2021-07-29 11:00:00,7.33946
2021-07-29 12:00:00,7.31115
2021-07-29 13:00:00,7.36055
2021-07-29 14:00:00,7.39501
2021-07-29 15:00:00,7.33984
2021-07-29 16:00:00,7.30283
2021-07-29 17:00:00,7.27166
2021-07-29 18:00:00,7.24584
2021-07-29 19:00:00,7.21282
2021-07-29 20:00:00,7.18944
2021-07-29 21:00:00,7.17889
2021-07-29 22:00:00,7.17218
2021-07-29 23:00:00,7.17264
2021-07-30 00:00:00,7.18707
2021-07-30 01:00:00,7.19456
2021-07-30 02:00:00,7.21028
2021-07-30 03:00:00,7.21939
2021-07-30 04:00:00,7.21935
2021-07-30 05:00:00,7.22521
2021-07-30 06:00:00,7.2406
2021-07-30 07:00:00,7.26416
2021-07-30 08:00:00,7.26226
2021-07-30 09:00:00,7.26357
2021-07-30 10:00:00,7.29663
2021-07-30 11:00:00,7.33059
2021-07-30 12:00:00,7.32227
2021-07-30 13:00:00,7.3275
2021-07-30 14:00:00,7.35051
2021-07-30 15:00:00,7.31633
2021-07-30 16:00:00,7.2688
2021-07-30 17:00:00,7.26069
2021-07-30 18:00:00,7.23341
2021-07-30 19:00:00,7.22086
2021-07-30 20:00:00,7.19558
2021-07-30 21:00:00,7.18201
2021-07-30 22:00:00,7.18267
2021-07-30 23:00:00,7.18538
2021-07-31 00:00:00,7.19092
2021-07-31 01:00:00,7.20527
2021-07-31 02:00:00,7.21704
2021-07-31 03:00:00,7.22323
2021-07-31 04:00:00,7.23315
2021-07-31 05:00:00,7.23596
2021-07-31 06:00:00,7.25372
2021-07-31 07:00:00,7.27079
2021-07-31 08:00:00,7.28023
2021-07-31 09:00:00,7.28423
2021-07-31 10:00:00,7.32327
2021-07-31 11:00:00,7.37168
2021-07-31 12:00:00,7.35972
2021-07-31 13:00:00,7.35004
2021-07-31 14:00:00,7.37244
2021-07-31 15:00:00,7.34844
2021-07-31 16:00:00,7.29248
2021-07-31 17:00:00,7.26302
2021-07-31 18:00:00,7.22384
2021-07-31 19:00:00,7.20971
2021-07-31 20:00:00,7.18783
2021-07-31 21:00:00,7.17855
2021-07-31 22:00:00,7.17343
2021-07-31 23:00:00,7.17173
2021-08-01 00:00:00,7.182
2021-08-01 01:00:00,7.2009
2021-08-01 02:00:00,7.19005
2021-08-01 03:00:00,7.20372
2021-08-01 04:00:00,7.1993
2021-08-01 05:00:00,7.19875
2021-08-01 06:00:00,7.22683
2021-08-01 07:00:00,7.24741
2021-08-01 08:00:00,7.27837
2021-08-01 09:00:00,7.2874
2021-08-01 10:00:00,7.32152
2021-08-01 11:00:00,7.35701
2021-08-01 12:00:00,7.34251
2021-08-01 13:00:00,7.37341
2021-08-01 14:00:00,7.38883
2021-08-01 15:00:00,7.34341
2021-08-01 16:00:00,7.28876
2021-08-01 17:00:00,7.2579
2021-08-01 18:00:00,7.21957
2021-08-01 19:00:00,7.18783
2021-08-01 20:00:00,7.16822
2021-08-01 21:00:00,7.15663
2021-08-01 22:00:00,7.1516
2021-08-01 23:00:00,7.15865
2021-08-02 00:00:00,7.15891
2021-08-02 01:00:00,7.16881
2021-08-02 02:00:00,7.1801
2021-08-02 03:00:00,7.19937
2021-08-02 04:00:00,7.19614
2021-08-02 05:00:00,7.20668
2021-08-02 06:00:00,7.2247
2021-08-02 07:00:00,7.25107
2021-08-02 08:00:00,7.26261
2021-08-02 09:00:00,7.24727
2021-08-02 10:00:00,7.28344
2021-08-02 11:00:00,7.30459
2021-08-02 12:00:00,7.30584
2021-08-02 13:00:00,7.34059
2021-08-02 14:00:00,7.32897
2021-08-02 15:00:00,7.30349
2021-08-02 16:00:00,7.26412
2021-08-02 17:00:00,7.23258
2021-08-02 18:00:00,7.21721
2021-08-02 19:00:00,7.19823
2021-08-02 20:00:00,7.17696
2021-08-02 21:00:00,7.17536
2021-08-02 22:00:00,7.18145
2021-08-02 23:00:00,7.18178
2021-08-03 00:00:00,7.19031
2021-08-03 01:00:00,7.20394
2021-08-03 02:00:00,7.2165
2021-08-03 03:00:00,7.21445
2021-08-03 04:00:00,7.23278
2021-08-03 05:00:00,7.23153
2021-08-03 06:00:00,7.23883
2021-08-03 07:00:00,7.25424
2021-08-03 08:00:00,7.23895
2021-08-03 09:00:00,7.25518
2021-08-03 10:00:00,7.28344
2021-08-03 11:00:00,7.31814
2021-08-03 12:00:00,7.33205
2021-08-04 08:54:00,7.27511
2021-08-04 09:54:00,7.3027
2021-08-04 10:54:00,7.31466
2021-08-04 11:54:00,7.32327
2021-08-04 12:54:00,7.33502
2021-08-04 13:54:00,7.34127
2021-08-04 14:54:00,7.29335
2021-08-04 15:54:00,7.28299
2021-08-04 16:54:00,7.24835
2021-08-04 17:54:00,7.19216
2021-08-04 18:54:00,7.18086
2021-08-04 19:54:00,7.16499
2021-08-04 20:54:00,7.15842
2021-08-04 21:54:00,7.1506
2021-08-04 22:54:00,7.1549
2021-08-04 23:54:00,7.16008
2021-08-05 00:54:00,7.17018
2021-08-05 01:54:00,7.17915
2021-08-05 02:54:00,7.18803
2021-08-05 03:54:00,7.19512
2021-08-05 04:54:00,7.19688
2021-08-05 05:54:00,7.2055
2021-08-05 06:54:00,7.23068
2021-08-05 07:54:00,7.26149
2021-08-05 08:54:00,7.20815
2021-08-05 09:54:00,7.2754
2021-08-05 10:54:00,7.30415
2021-08-05 11:54:00,7.30638
2021-08-05 12:54:00,7.35023
2021-08-05 13:54:00,7.39758
2021-08-05 14:54:00,7.36277
2021-08-05 15:54:00,7.25709
2021-08-05 16:54:00,7.2203
2021-08-05 17:54:00,7.19514
2021-08-05 18:54:00,7.17933
2021-08-05 19:54:00,7.16273
2021-08-05 20:54:00,7.15281
2021-08-05 21:54:00,7.15747
2021-08-05 22:54:00,7.16104
2021-08-05 23:54:00,7.16428
2021-08-06 00:54:00,7.16734
2021-08-06 01:54:00,7.18439
2021-08-06 02:54:00,7.18976
2021-08-06 03:54:00,7.18335
2021-08-06 04:54:00,7.20369
2021-08-06 05:54:00,7.20491
2021-08-06 06:54:00,7.23166
2021-08-06 07:54:00,7.28436
2021-08-06 08:54:00,7.28026
2021-08-06 09:54:00,7.327
2021-08-06 10:54:00,7.32681
2021-08-06 11:54:00,7.32044
2021-08-06 12:54:00,7.3583
2021-08-06 13:54:00,7.36101
2021-08-06 14:54:00,7.34053
2021-08-06 15:54:00,7.28191
2021-08-06 16:54:00,7.24706
2021-08-06 17:54:00,7.19334
2021-08-06 18:54:00,7.18017
2021-08-06 19:54:00,7.15437
2021-08-06 20:54:00,7.13556
2021-08-06 21:54:00,7.13543
2021-08-06 22:54:00,7.13674
2021-08-06 23:54:00,7.14308
2021-08-07 00:54:00,7.14171
2021-08-07 01:54:00,7.14909
2021-08-07 02:54:00,7.1587
2021-08-07 03:54:00,7.16609
2021-08-07 04:54:00,7.16748
2021-08-07 05:54:00,7.1803
2021-08-07 06:54:00,7.20916
2021-08-07 07:54:00,7.22514
2021-08-07 08:54:00,7.2562
2021-08-07 09:54:00,7.28865
2021-08-07 10:54:00,7.30161
2021-08-07 11:54:00,7.29274
2021-08-07 12:54:00,7.32419
2021-08-07 13:54:00,7.32589
2021-08-07 14:54:00,7.30283
2021-08-07 15:54:00,7.25551
2021-08-07 16:54:00,7.22389
2021-08-07 17:54:00,7.1736
2021-08-07 18:54:00,7.15352
2021-08-07 19:54:00,7.13349
2021-08-07 20:54:00,7.13204
2021-08-07 21:54:00,7.12533
2021-08-07 22:54:00,7.12854
2021-08-07 23:54:00,7.13988
2021-08-08 00:54:00,7.15458
2021-08-08 01:54:00,7.16369
2021-08-08 02:54:00,7.16258
2021-08-08 03:54:00,7.16664
2021-08-08 04:54:00,7.1722
2021-08-08 05:54:00,7.18295
2021-08-08 06:54:00,7.1918
2021-08-08 07:54:00,7.18775
2021-08-08 08:54:00,7.16907
2021-08-08 09:54:00,7.25846
2021-08-08 10:54:00,7.3026
2021-08-08 11:54:00,7.31056
2021-08-08 12:54:00,7.32819
2021-08-08 13:54:00,7.3516
2021-08-08 14:54:00,7.28149
2021-08-08 15:54:00,7.21125
2021-08-08 16:54:00,7.18275
2021-08-08 17:54:00,7.16916
2021-08-08 18:54:00,7.14937
2021-08-08 19:54:00,7.13017
2021-08-08 20:54:00,7.12174
2021-08-08 21:54:00,7.1143
2021-08-08 22:54:00,7.11181
2021-08-08 23:54:00,7.11365
2021-08-09 00:54:00,7.12499
2021-08-09 01:54:00,7.13161
2021-08-09 02:54:00,7.12535
2021-08-09 03:54:00,7.13674
2021-08-09 04:54:00,7.14544
2021-08-09 05:54:00,7.16558
2021-08-09 06:54:00,7.18015
2021-08-09 07:54:00,7.19978
2021-08-09 08:54:00,7.23369
2021-08-09 09:54:00,7.23925
2021-08-09 10:54:00,7.24743
2021-08-09 11:54:00,7.23384
2021-08-09 12:54:00,7.30235
2021-08-09 13:54:00,7.26885
2021-08-09 14:54:00,7.30766
2021-08-09 15:54:00,7.23626
2021-08-09 16:54:00,7.22525
2021-08-09 17:54:00,7.19009
2021-08-09 18:54:00,7.17183
2021-08-09 19:54:00,7.15972
2021-08-09 20:54:00,7.14736
2021-08-09 21:54:00,7.1508
2021-08-09 22:54:00,7.14923
2021-08-09 23:54:00,7.15301
2021-08-10 00:54:00,7.16827
2021-08-10 01:54:00,7.16839
2021-08-10 02:54:00,7.17879
2021-08-10 03:54:00,7.18142
2021-08-10 04:54:00,7.18953
2021-08-10 05:54:00,7.20172
2021-08-10 06:54:00,7.21116
2021-08-10 08:45:00,7.21039
2021-08-10 09:45:00,7.27554
2021-08-10 10:45:00,7.28829
2021-08-10 11:45:00,7.25002
2021-08-10 12:45:00,7.27684
2021-08-10 13:45:00,7.30466
2021-08-10 14:45:00,7.30954
2021-08-10 15:45:00,7.25959
2021-08-10 16:45:00,7.25613
2021-08-10 17:45:00,7.23517
2021-08-10 18:45:00,7.22736
2021-08-10 19:45:00,7.215
2021-08-10 20:45:00,7.21232
2021-08-10 21:45:00,7.21566
2021-08-10 22:45:00,7.21576
2021-08-10 23:45:00,7.22209
2021-08-11 00:45:00,7.23647
2021-08-11 01:45:00,7.24122
2021-08-11 02:45:00,7.24484
2021-08-11 03:45:00,7.2584
2021-08-11 04:45:00,7.26478
2021-08-11 05:45:00,7.2673
2021-08-11 06:45:00,7.27711
2021-08-11 07:45:00,7.28222
2021-08-11 08:45:00,7.24373
2021-08-11 09:45:00,7.28622
2021-08-11 10:45:00,7.30844
2021-08-11 11:45:00,7.31656
2021-08-11 12:45:00,7.33163
2021-08-11 13:45:00,7.34887
2021-08-11 14:45:00,7.34564
2021-08-11 15:45:00,7.28977
2021-08-11 16:45:00,7.27775
2021-08-11 17:45:00,7.23949
2021-08-11 18:45:00,7.2278
2021-08-11 19:45:00,7.22098
2021-08-11 20:45:00,7.20976
2021-08-11 21:45:00,7.2032
2021-08-11 22:45:00,7.20549
2021-08-11 23:45:00,7.2071
2021-08-12 00:45:00,7.21533
2021-08-12 01:45:00,7.23085
2021-08-12 02:45:00,7.24186
2021-08-12 03:45:00,7.24132
2021-08-12 04:45:00,7.25441
2021-08-12 05:45:00,7.25824
2021-08-12 06:45:00,7.2674
2021-08-12 07:45:00,7.28068
2021-08-12 08:45:00,7.2533
2021-08-12 09:45:00,7.30424
2021-08-12 10:45:00,7.31643
2021-08-12 11:45:00,7.3122
2021-08-12 12:45:00,7.35115
2021-08-12 13:45:00,7.38372
2021-08-12 14:45:00,7.39027
2021-08-12 15:45:00,7.30177
2021-08-12 16:45:00,7.28853
2021-08-12 17:45:00,7.24532
2021-08-12 18:45:00,7.22714
2021-08-12 19:45:00,7.21454
2021-08-12 20:45:00,7.19888
2021-08-12 21:45:00,7.19726
2021-08-12 22:45:00,7.19668
2021-08-12 23:45:00,7.20399
2021-08-13 00:45:00,7.20804
2021-08-13 01:45:00,7.21848
2021-08-13 02:45:00,7.22185
2021-08-13 03:45:00,7.22311
2021-08-13 04:45:00,7.23725
2021-08-13 05:45:00,7.24814
2021-08-13 06:45:00,7.26377
2021-08-13 07:45:00,7.28174
2021-08-13 08:45:00,7.25538
2021-08-13 09:45:00,7.31019
2021-08-13 10:45:00,7.31953
2021-08-13 11:45:00,7.33031
2021-08-13 12:45:00,7.34109
2021-08-13 13:45:00,7.36672
2021-08-13 14:45:00,7.38115
2021-08-13 15:45:00,7.29267
2021-08-13 16:45:00,7.29499
2021-08-13 17:45:00,7.24104
2021-08-13 18:45:00,7.2221
2021-08-13 19:45:00,7.20063
2021-08-13 20:45:00,7.1939
2021-08-13 21:45:00,7.18355
2021-08-13 22:45:00,7.18711
2021-08-13 23:45:00,7.19317
2021-08-14 00:45:00,7.20468
2021-08-14 01:45:00,7.21923
2021-08-14 02:45:00,7.21722
2021-08-14 03:45:00,7.22538
2021-08-14 04:45:00,7.2299
2021-08-14 05:45:00,7.2529
2021-08-14 06:45:00,7.26497
2021-08-14 07:45:00,7.28222
2021-08-14 08:45:00,7.26315
2021-08-14 09:45:00,7.29901
2021-08-14 10:45:00,7.33901
2021-08-14 11:45:00,7.33999
2021-08-14 12:45:00,7.36069
2021-08-14 13:45:00,7.39115
2021-08-14 14:45:00,7.42098
2021-08-14 15:45:00,7.34844
2021-08-14 16:45:00,7.28606
2021-08-14 17:45:00,7.24417
2021-08-14 18:45:00,7.22159
2021-08-14 19:45:00,7.2024
2021-08-14 20:45:00,7.19298
2021-08-14 21:45:00,7.18602
2021-08-14 22:45:00,7.18196
2021-08-14 23:45:00,7.19968
2021-08-15 00:45:00,7.20356
2021-08-15 01:45:00,7.21943
2021-08-15 02:45:00,7.2302
2021-08-15 03:45:00,7.23472
2021-08-15 04:45:00,7.23084
2021-08-15 05:45:00,7.23915
2021-08-15 06:45:00,7.25696
2021-08-15 07:45:00,7.29105
2021-08-15 08:45:00,7.27618
2021-08-15 09:45:00,7.3429
2021-08-15 10:45:00,7.36795
2021-08-15 11:45:00,7.3521
2021-08-15 12:45:00,7.36673
2021-08-15 13:45:00,7.38854
2021-08-15 14:45:00,7.43242
2021-08-15 15:45:00,7.34562
2021-08-15 16:45:00,7.30936
2021-08-15 17:45:00,7.22077
2021-08-15 18:45:00,7.21138
2021-08-15 19:45:00,7.19672
2021-08-15 20:45:00,7.17342
2021-08-15 21:45:00,7.16799
2021-08-15 22:45:00,7.16985
2021-08-15 23:45:00,7.17776
2021-08-16 00:45:00,7.19376
2021-08-16 01:45:00,7.20147
2021-08-16 02:45:00,7.20968
2021-08-16 03:45:00,7.20833
2021-08-16 04:45:00,7.21905
2021-08-16 05:45:00,7.22733
2021-08-16 06:45:00,7.25061
2021-08-16 07:45:00,7.26033
2021-08-16 08:45:00,7.24086
2021-08-16 09:45:00,7.27485
2021-08-16 10:45:00,7.28833
2021-08-16 11:45:00,7.29427
2021-08-16 12:45:00,7.32476
2021-08-16 13:45:00,7.35329
2021-08-16 14:45:00,7.36474
2021-08-16 16:28:00,7.2614
2021-08-16 17:28:00,7.22433
2021-08-16 18:28:00,7.20695
2021-08-16 19:28:00,7.19177
2021-08-16 20:28:00,7.17926
2021-08-16 21:28:00,7.17535
2021-08-16 22:28:00,7.17212
2021-08-16 23:28:00,7.17596
2021-08-17 00:28:00,7.17776
2021-08-17 01:28:00,7.18671
2021-08-17 02:28:00,7.19167
2021-08-17 03:28:00,7.20029
2021-08-17 04:28:00,7.20878
2021-08-17 05:28:00,7.21775
2021-08-17 06:28:00,7.23192
2021-08-17 07:28:00,7.26737
2021-08-17 08:28:00,7.26671
2021-08-17 09:28:00,7.29535
2021-08-17 10:28:00,7.26888
2021-08-17 11:28:00,7.29867
2021-08-17 12:28:00,7.28175
2021-08-17 13:28:00,7.33156
2021-08-17 14:28:00,7.34533
2021-08-17 15:28:00,7.3046
2021-08-17 16:28:00,7.27652
2021-08-17 17:28:00,7.20362
2021-08-17 18:28:00,7.19104
2021-08-17 19:28:00,7.17651
2021-08-17 20:28:00,7.1606
2021-08-17 21:28:00,7.1537
2021-08-17 22:28:00,7.15781
2021-08-17 23:28:00,7.16184
2021-08-18 00:28:00,7.17206
2021-08-18 01:28:00,7.17786
2021-08-18 02:28:00,7.17962
2021-08-18 03:28:00,7.19009
2021-08-18 04:28:00,7.19467
2021-08-18 05:28:00,7.20093
2021-08-18 06:28:00,7.2154
2021-08-18 07:28:00,7.23785
2021-08-18 08:28:00,7.23861
2021-08-18 09:28:00,7.28453
2021-08-18 10:28:00,7.30919
2021-08-18 11:28:00,7.29517
2021-08-18 12:28:00,7.31867
2021-08-18 13:28:00,7.3475
2021-08-18 14:28:00,7.3694
2021-08-18 15:28:00,7.32482
2021-08-18 16:28:00,7.29248
2021-08-18 17:28:00,7.20915
2021-08-18 18:28:00,7.1809
2021-08-18 19:28:00,7.15062
2021-08-18 20:28:00,7.14176
2021-08-18 21:28:00,7.13932
2021-08-18 22:28:00,7.14428
2021-08-18 23:28:00,7.15249
2021-08-19 00:28:00,7.16306
2021-08-19 01:28:00,7.16508
2021-08-19 02:28:00,7.17123
2021-08-19 03:28:00,7.17312
2021-08-19 04:28:00,7.16939
2021-08-19 05:28:00,7.17289
2021-08-19 06:28:00,7.19266
2021-08-19 07:28:00,7.22109
2021-08-19 08:28:00,7.20103
2021-08-19 09:28:00,7.27311
2021-08-19 10:28:00,7.28189
2021-08-19 11:28:00,7.31743
2021-08-19 12:28:00,7.34089
2021-08-19 13:28:00,7.35686
2021-08-19 14:28:00,7.3531
2021-08-19 15:28:00,7.34986
2021-08-19 16:28:00,7.30896
2021-08-19 17:28:00,7.19289
2021-08-19 18:28:00,7.17043
2021-08-19 19:28:00,7.1442
2021-08-19 20:28:00,7.13592
2021-08-19 21:28:00,7.13589
2021-08-19 22:28:00,7.13667
2021-08-19 23:28:00,7.13701
2021-08-20 00:28:00,7.14871
2021-08-20 01:28:00,7.15521
2021-08-20 02:28:00,7.1683
2021-08-20 03:28:00,7.1587
2021-08-20 04:28:00,7.16038
2021-08-20 05:28:00,7.17423
2021-08-20 06:28:00,7.1941
2021-08-20 07:28:00,7.22965
2021-08-20 08:28:00,7.2156
2021-08-20 09:28:00,7.29239
2021-08-20 10:28:00,7.29318
2021-08-20 11:28:00,7.26682
2021-08-20 12:28:00,7.30917
2021-08-20 13:28:00,7.38045
2021-08-20 14:28:00,7.40283
2021-08-20 16:07:00,7.2669
2021-08-20 18:22:00,7.15066
2021-08-20 19:22:00,7.13055
2021-08-20 20:22:00,7.12487
2021-08-20 21:22:00,7.12995
2021-08-20 22:22:00,7.13162
2021-08-20 23:22:00,7.13295
2021-08-21 00:22:00,7.14246
2021-08-21 01:22:00,7.15302
2021-08-21 02:22:00,7.15301
2021-08-21 03:22:00,7.16046
2021-08-21 04:22:00,7.17119
2021-08-21 05:22:00,7.18239
2021-08-21 06:22:00,7.19779
2021-08-21 07:22:00,7.24548
2021-08-21 08:22:00,7.31864
2021-08-21 09:22:00,7.3947
2021-08-21 10:22:00,7.35349
2021-08-21 11:22:00,7.30653
2021-08-21 12:22:00,7.33258
2021-08-21 13:22:00,7.34899
2021-08-21 14:22:00,7.36234
2021-08-21 15:22:00,7.36019
2021-08-21 16:22:00,7.28772
2021-08-21 17:22:00,7.23887
2021-08-21 18:22:00,7.21795
2021-08-21 19:22:00,7.19467
2021-08-21 20:22:00,7.18709
2021-08-21 21:22:00,7.19325
2021-08-21 22:22:00,7.19277
2021-08-21 23:22:00,7.20286
2021-08-22 00:22:00,7.21635
2021-08-22 01:22:00,7.22257
2021-08-22 02:22:00,7.22906
2021-08-22 03:22:00,7.22015
2021-08-22 05:40:00,7.20623
2021-08-22 06:40:00,7.2305
2021-08-22 07:40:00,7.29196
2021-08-22 08:40:00,7.25206
2021-08-22 09:40:00,7.29256
2021-08-22 10:40:00,7.31762
2021-08-22 11:40:00,7.29222
2021-08-22 12:40:00,7.34208
2021-08-22 14:01:00,7.33234
2021-08-22 15:01:00,7.30594
2021-08-22 16:01:00,7.24728
2021-08-22 17:01:00,7.2103
2021-08-22 18:01:00,7.18314
2021-08-22 19:01:00,7.16159
2021-08-22 20:01:00,7.14311
2021-08-22 21:01:00,7.14768
2021-08-22 22:01:00,7.14831
2021-08-22 23:01:00,7.15406
2021-08-23 00:01:00,7.15925
2021-08-23 01:01:00,7.1632
2021-08-23 02:01:00,7.16663
2021-08-23 03:01:00,7.17944
2021-08-23 04:01:00,7.19119
2021-08-23 05:01:00,7.19241
2021-08-23 06:01:00,7.19689
2021-08-23 07:01:00,7.21709
2021-08-23 08:01:00,7.22199
2021-08-23 09:01:00,7.26102
2021-08-23 10:01:00,7.27659
2021-08-23 11:01:00,7.30211
2021-08-23 12:01:00,7.30809
2021-08-23 13:01:00,7.3538
2021-08-23 14:01:00,7.382
2021-08-23 15:01:00,7.30821
2021-08-23 17:19:00,7.20367
2021-08-23 18:19:00,7.18064
2021-08-23 19:19:00,7.16447
2021-08-23 20:19:00,7.15641
2021-08-23 21:19:00,7.16236
2021-08-23 22:19:00,7.16245
2021-08-23 23:19:00,7.16665
2021-08-24 00:19:00,7.1643
2021-08-24 01:19:00,7.17943
2021-08-24 02:19:00,7.18362
2021-08-24 03:19:00,7.18292
2021-08-24 04:19:00,7.19725
2021-08-24 05:19:00,7.19886
2021-08-24 06:19:00,7.21371
2021-08-24 07:19:00,7.24461
2021-08-24 08:19:00,7.20965
2021-08-24 09:19:00,7.25193
2021-08-24 10:19:00,7.25299
2021-08-24 11:19:00,7.30235
2021-08-24 12:19:00,7.32198
2021-08-24 13:19:00,7.31407
2021-08-24 14:19:00,7.31061
2021-08-24 15:19:00,7.27792
2021-08-24 16:19:00,7.21177
2021-08-24 17:19:00,7.18026
2021-08-24 18:19:00,7.16532
2021-08-24 19:19:00,7.15689
2021-08-24 20:19:00,7.15264
2021-08-24 21:19:00,7.14735
2021-08-24 22:19:00,7.15523
2021-08-24 23:19:00,7.14915
2021-08-25 00:19:00,7.15757
2021-08-25 01:19:00,7.16106
2021-08-25 02:19:00,7.16959
2021-08-25 03:19:00,7.18361
2021-08-25 04:19:00,7.18097
2021-08-25 05:19:00,7.1947
2021-08-25 06:19:00,7.2065
2021-08-25 07:19:00,7.23493
2021-08-25 08:19:00,7.24628
2021-08-25 09:19:00,7.26618
2021-08-25 10:19:00,7.2716
2021-08-25 11:19:00,7.32141
2021-08-25 12:19:00,7.32392
2021-08-25 13:19:00,7.3474
2021-08-25 14:19:00,7.31744
2021-08-25 15:19:00,7.23251
2021-08-25 16:19:00,7.2011
2021-08-25 17:19:00,7.16322
2021-08-25 18:19:00,7.15087
2021-08-25 19:19:00,7.14761
2021-08-25 20:19:00,7.13931
2021-08-25 21:19:00,7.13852
2021-08-25 22:19:00,7.13385
2021-08-25 23:19:00,7.14551
2021-08-26 00:19:00,7.15147
2021-08-26 01:19:00,7.15644
2021-08-26 02:19:00,7.15876
2021-08-26 03:19:00,7.14665
2021-08-26 04:19:00,7.16454
2021-08-26 05:19:00,7.17739
2021-08-26 06:19:00,7.18391
2021-08-26 07:19:00,7.21655
2021-08-26 08:19:00,7.22312
2021-08-26 09:19:00,7.25934
2021-08-26 10:19:00,7.29626
2021-08-26 11:19:00,7.30321
2021-08-26 12:19:00,7.32987
2021-08-26 13:19:00,7.36105
2021-08-26 14:19:00,7.3591
2021-08-26 15:19:00,7.28773
2021-08-26 16:19:00,7.21991
2021-08-26 17:19:00,7.15918
2021-08-26 18:19:00,7.14327
2021-08-26 19:19:00,7.12988
2021-08-26 20:19:00,7.12086
2021-08-26 21:19:00,7.12075
2021-08-26 22:19:00,7.12661
2021-08-26 23:19:00,7.12252
2021-08-27 00:19:00,7.13168
2021-08-27 01:19:00,7.14156
2021-08-27 02:19:00,7.14891
2021-08-27 03:19:00,7.14992
2021-08-27 04:19:00,7.15678
2021-08-27 05:19:00,7.16643
2021-08-27 06:19:00,7.1742
2021-08-27 07:19:00,7.20044
2021-08-27 08:19:00,7.2005
2021-08-27 09:19:00,7.24296
2021-08-27 10:19:00,7.26037
2021-08-27 11:19:00,7.28226
2021-08-27 12:19:00,7.31104
2021-08-27 13:19:00,7.33306
2021-08-27 14:19:00,7.35707
2021-08-27 15:19:00,7.26022
2021-08-27 16:19:00,7.21077
2021-08-27 17:19:00,7.16409
2021-08-27 18:19:00,7.14301
2021-08-27 19:19:00,7.12725
2021-08-27 20:19:00,7.12073
2021-08-27 21:19:00,7.12245
2021-08-27 22:19:00,7.12189
2021-08-27 23:19:00,7.12548
2021-08-28 00:19:00,7.1324
2021-08-28 01:19:00,7.13955
2021-08-28 02:19:00,7.147
2021-08-28 03:19:00,7.14168
2021-08-28 04:19:00,7.13467
2021-08-28 05:19:00,7.16008
2021-08-28 06:19:00,7.1586
2021-08-28 07:19:00,7.1913
2021-08-28 08:19:00,7.24581
2021-08-28 09:19:00,7.28503
2021-08-28 10:19:00,7.31127
2021-08-28 11:19:00,7.30549
2021-08-28 12:19:00,7.32316
2021-08-28 13:19:00,7.33831
2021-08-28 14:19:00,7.36953
2021-08-28 15:19:00,7.32718
2021-08-28 16:19:00,7.22839
2021-08-28 17:19:00,7.19183
2021-08-28 18:19:00,7.17315
2021-08-28 19:19:00,7.15949
2021-08-28 20:19:00,7.15172
2021-08-28 21:19:00,7.15687
2021-08-28 22:19:00,7.16884
2021-08-28 23:19:00,7.16318
2021-08-29 00:19:00,7.1627
2021-08-29 01:19:00,7.16227
2021-08-29 02:19:00,7.17679
2021-08-29 03:19:00,7.18449
2021-08-29 04:19:00,7.18812
2021-08-29 05:19:00,7.20263
2021-08-29 06:19:00,7.22125
2021-08-29 07:19:00,7.2567
2021-08-29 08:19:00,7.2718
2021-08-29 09:19:00,7.29888
2021-08-29 10:19:00,7.28912
2021-08-29 11:19:00,7.29418
2021-08-29 12:19:00,7.31361
2021-08-29 13:19:00,7.33934
2021-08-29 14:19:00,7.36167
2021-08-29 15:19:00,7.28722
2021-08-29 16:19:00,7.24556
2021-08-29 17:19:00,7.19648
2021-08-29 18:19:00,7.18138
2021-08-29 19:19:00,7.15996
2021-08-29 20:19:00,7.15034
2021-08-29 21:19:00,7.1588
2021-08-29 22:19:00,7.16064
2021-08-29 23:19:00,7.15714
2021-08-30 00:19:00,7.16813
2021-08-30 01:19:00,7.16782
2021-08-30 02:19:00,7.18095
2021-08-30 03:19:00,7.18745
2021-08-30 04:19:00,7.18176
2021-08-30 05:19:00,7.21079
2021-08-30 06:19:00,7.21436
2021-08-30 07:19:00,7.24722
2021-08-30 08:19:00,7.29618
2021-08-30 09:19:00,7.29825
2021-08-30 10:19:00,7.32118
2021-08-30 11:19:00,7.31512
2021-08-30 12:19:00,7.33561
2021-08-30 13:19:00,7.35967
2021-08-30 14:19:00,7.38616
2021-08-30 15:19:00,7.32064
2021-08-30 16:19:00,7.26066
2021-08-30 17:19:00,7.18984
2021-08-30 18:19:00,7.17057
2021-08-30 19:19:00,7.15238
2021-08-30 20:19:00,7.14542
2021-08-30 21:19:00,7.14817
2021-08-30 22:19:00,7.15021
2021-08-30 23:19:00,7.15731
2021-08-31 00:19:00,7.15812
2021-08-31 01:19:00,7.16164
2021-08-31 02:19:00,7.17028
2021-08-31 03:19:00,7.17969
2021-08-31 04:19:00,7.17524
2021-08-31 05:19:00,7.19066
2021-08-31 06:19:00,7.20175
2021-08-31 07:19:00,7.2368
2021-08-31 08:19:00,7.25821
2021-08-31 09:19:00,7.2946
2021-08-31 10:19:00,7.3064
2021-08-31 11:19:00,7.27587
2021-08-31 12:19:00,7.27933
2021-08-31 13:19:00,7.32406
2021-08-31 14:19:00,7.37257
2021-08-31 15:19:00,7.277
2021-08-31 16:19:00,7.25588
2021-08-31 17:19:00,7.18886
2021-08-31 18:19:00,7.16824
2021-08-31 19:19:00,7.15421
2021-08-31 20:19:00,7.15087
2021-08-31 21:19:00,7.15033
2021-08-31 22:19:00,7.15012
2021-08-31 23:19:00,7.15803
2021-09-01 00:19:00,7.15538
2021-09-01 01:19:00,7.15936
2021-09-01 02:19:00,7.17296
2021-09-01 03:19:00,7.17836
2021-09-01 04:19:00,7.1923
2021-09-01 05:19:00,7.20144
2021-09-01 06:19:00,7.21234
2021-09-01 07:19:00,7.26058
2021-09-01 08:19:00,7.27198
2021-09-01 09:19:00,7.12964
2021-09-01 10:19:00,7.18041
2021-09-01 11:19:00,7.19053
2021-09-01 12:19:00,7.22906
2021-09-01 13:19:00,7.26408
2021-09-01 14:19:00,7.26648
2021-09-01 15:19:00,7.2182
2021-09-01 16:19:00,7.21783
2021-09-01 17:19:00,7.18585
2021-09-01 18:19:00,7.18254
2021-09-01 19:19:00,7.17895
2021-09-01 20:19:00,7.17564
2021-09-01 21:19:00,7.17928
2021-09-01 22:19:00,7.17802
2021-09-01 23:19:00,7.19392
2021-09-02 00:19:00,7.19839
2021-09-02 01:19:00,7.20361
2021-09-02 02:19:00,7.21351
2021-09-02 03:19:00,7.22846
2021-09-02 04:19:00,7.23714
2021-09-02 05:19:00,7.24283
2021-09-02 06:19:00,7.25227
2021-09-02 07:19:00,7.26348
2021-09-02 08:19:00,7.22705
2021-09-02 09:19:00,7.24836
2021-09-02 10:19:00,7.25477
2021-09-02 11:19:00,7.26392
2021-09-02 12:19:00,7.29285
2021-09-02 13:19:00,7.2881
2021-09-02 14:19:00,7.31709
2021-09-02 15:19:00,7.25435
2021-09-02 16:19:00,7.21901
2021-09-02 17:19:00,7.18459
2021-09-02 18:19:00,7.19832
2021-09-02 19:19:00,7.18652
2021-09-02 20:19:00,7.18739
2021-09-02 21:19:00,7.19349
2021-09-02 22:19:00,7.19919
2021-09-02 23:19:00,7.20755
2021-09-03 00:19:00,7.20543
2021-09-03 01:19:00,7.22308
2021-09-03 02:19:00,7.23728
2021-09-03 03:19:00,7.24317
2021-09-03 04:19:00,7.23153
2021-09-03 05:19:00,7.24861
2021-09-03 06:19:00,7.25885
2021-09-03 07:19:00,7.2661
2021-09-03 08:19:00,7.26284
2021-09-03 09:19:00,7.24706
2021-09-03 10:19:00,7.27461
2021-09-03 12:03:00,7.32354
2021-09-03 13:03:00,7.33519
2021-09-03 14:03:00,7.37042
2021-09-03 15:03:00,7.37823
2021-09-03 16:03:00,7.26297
2021-09-03 17:03:00,7.21475
2021-09-03 18:03:00,7.19521
2021-09-03 19:03:00,7.18307
2021-09-03 20:03:00,7.1762
2021-09-03 21:03:00,7.18139
2021-09-03 22:03:00,7.18454
2021-09-03 23:03:00,7.19582
2021-09-04 00:03:00,7.19025
2021-09-04 01:03:00,7.21016
2021-09-04 02:03:00,7.22018
2021-09-04 03:03:00,7.22715
2021-09-04 04:03:00,7.22391
2021-09-04 05:03:00,7.23926
2021-09-04 06:03:00,7.23146
2021-09-04 07:03:00,7.25406
2021-09-04 08:03:00,7.21014
2021-09-04 09:03:00,7.23036
2021-09-04 10:03:00,7.27716
2021-09-04 11:03:00,7.32173
2021-09-04 12:03:00,7.32769
2021-09-04 13:03:00,7.36343
2021-09-04 14:03:00,7.34266
2021-09-04 15:03:00,7.28446
2021-09-04 16:03:00,7.23573
2021-09-04 17:03:00,7.21916
2021-09-04 18:03:00,7.18567
2021-09-04 19:03:00,7.17428
2021-09-04 20:03:00,7.1697
2021-09-04 21:03:00,7.17326
2021-09-04 22:03:00,7.17473
2021-09-04 23:03:00,7.18118
2021-09-05 00:03:00,7.18901
2021-09-05 01:03:00,7.19326
2021-09-05 02:03:00,7.21131
2021-09-05 03:03:00,7.21052
2021-09-05 04:03:00,7.21903
2021-09-05 05:03:00,7.21714
2021-09-05 06:03:00,7.2443
2021-09-05 07:03:00,7.25834
2021-09-05 08:03:00,7.2909
2021-09-05 09:03:00,7.29144
2021-09-05 10:03:00,7.31444
2021-09-05 11:03:00,7.36067
2021-09-05 12:03:00,7.33284
2021-09-05 13:03:00,7.36498
2021-09-05 14:03:00,7.37875
2021-09-05 15:03:00,7.38199
2021-09-05 16:03:00,7.30396
2021-09-05 17:03:00,7.24428
2021-09-05 18:03:00,7.22221
2021-09-05 19:03:00,7.20435
2021-09-05 20:03:00,7.19727
2021-09-05 21:03:00,7.22091
2021-09-05 22:03:00,7.21397
2021-09-05 23:03:00,7.21708
2021-09-06 00:03:00,7.22216
2021-09-06 01:03:00,7.22356
2021-09-06 02:03:00,7.22671
2021-09-06 03:03:00,7.23213
2021-09-06 04:03:00,7.24455
2021-09-06 05:03:00,7.23453
2021-09-06 06:03:00,7.26056
2021-09-06 07:03:00,7.27725
2021-09-06 08:03:00,7.31324
2021-09-06 09:03:00,7.24566
2021-09-06 10:03:00,7.27375
2021-09-06 11:03:00,7.30267
2021-09-06 12:03:00,7.31134
2021-09-06 13:03:00,7.35368
2021-09-06 14:03:00,7.37831
2021-09-06 15:03:00,7.34606
2021-09-06 16:03:00,7.26322
2021-09-06 17:03:00,7.22892
2021-09-06 18:03:00,7.20935
2021-09-06 19:03:00,7.19712
2021-09-06 20:03:00,7.19042
2021-09-06 21:03:00,7.19836
2021-09-06 22:03:00,7.201
2021-09-06 23:03:00,7.20614
2021-09-07 00:03:00,7.2035
2021-09-07 01:03:00,7.20976
2021-09-07 02:03:00,7.21352
2021-09-07 03:03:00,7.22324
2021-09-07 04:03:00,7.22486
2021-09-07 05:03:00,7.23685
2021-09-07 06:03:00,7.2513
2021-09-07 07:03:00,7.25771
2021-09-07 08:03:00,7.24257
2021-09-07 09:03:00,7.23005
2021-09-07 10:03:00,7.25647
2021-09-07 11:03:00,7.2854
2021-09-07 12:03:00,7.3016
2021-09-07 13:03:00,7.33416
2021-09-07 14:03:00,7.35739
2021-09-07 15:03:00,7.33865
2021-09-07 16:03:00,7.26854
2021-09-07 17:03:00,7.25507
2021-09-07 18:03:00,7.23993
2021-09-07 19:03:00,7.22332
2021-09-07 20:03:00,7.22883
2021-09-07 21:03:00,7.2265
2021-09-07 22:03:00,7.22915
2021-09-07 23:03:00,7.23351
2021-09-08 00:03:00,7.24718
2021-09-08 01:03:00,7.25135
2021-09-08 02:03:00,7.25373
2021-09-08 03:03:00,7.26137
2021-09-08 04:03:00,7.26674
2021-09-08 05:03:00,7.26307
2021-09-08 06:03:00,7.27232
2021-09-08 07:03:00,7.28545
2021-09-08 08:03:00,7.24798
2021-09-08 09:03:00,7.24408
2021-09-08 10:03:00,7.28104
2021-09-08 11:03:00,7.31953
2021-09-08 12:03:00,7.31171
2021-09-08 13:03:00,7.35223
2021-09-08 14:03:00,7.36605
2021-09-08 15:03:00,7.31149
2021-09-08 16:03:00,7.25798
2021-09-08 17:03:00,7.22634
2021-09-08 18:03:00,7.20016
2021-09-08 19:03:00,7.19653
2021-09-08 20:03:00,7.18608
2021-09-08 21:03:00,7.18387
2021-09-08 22:03:00,7.18781
2021-09-08 23:03:00,7.19263
2021-09-09 00:03:00,7.19562
2021-09-09 01:03:00,7.20844
2021-09-09 02:03:00,7.21056
2021-09-09 03:03:00,7.20809
2021-09-09 04:03:00,7.2236
2021-09-09 05:03:00,7.22524
2021-09-09 06:03:00,7.24027
2021-09-09 07:03:00,7.2536
2021-09-09 08:03:00,7.21768
2021-09-09 09:03:00,7.21588
2021-09-09 10:03:00,7.25851
2021-09-09 11:03:00,7.23715
2021-09-09 12:03:00,7.28182
2021-09-09 13:03:00,7.32265
2021-09-09 14:03:00,7.31086
2021-09-09 15:03:00,7.26208
2021-09-09 16:03:00,7.26503
2021-09-09 17:03:00,7.26433
2021-09-09 18:03:00,7.23356
2021-09-09 19:03:00,7.21877
2021-09-09 20:03:00,7.21973
2021-09-09 21:03:00,7.21906
2021-09-09 22:03:00,7.23458
2021-09-09 23:03:00,7.2306
2021-09-10 00:03:00,7.23483
2021-09-10 01:03:00,7.24852
2021-09-10 02:03:00,7.25519
2021-09-10 03:03:00,7.25282
2021-09-10 04:03:00,7.26641
2021-09-10 05:03:00,7.25761
2021-09-10 06:03:00,7.2737
2021-09-10 07:03:00,7.28716
2021-09-10 08:03:00,7.31061
2021-09-10 09:16:00,7.33519
2021-09-10 10:52:00,7.3009
2021-09-10 11:52:00,7.26779
2021-09-10 12:52:00,7.30314
2021-09-10 14:40:00,7.28901
2021-09-10 15:40:00,7.22508
2021-09-10 16:40:00,7.24358
2021-09-10 17:40:00,7.21194
2021-09-10 18:40:00,7.21184
2021-09-10 19:40:00,7.21246
2021-09-10 20:40:00,7.21072
2021-09-10 21:40:00,7.21866
2021-09-10 22:40:00,7.22734
2021-09-10 23:40:00,7.22808
2021-09-11 00:40:00,7.22837
2021-09-11 01:40:00,7.23102
2021-09-11 02:40:00,7.24127
2021-09-11 03:40:00,7.24413
2021-09-11 04:40:00,7.25023
2021-09-11 05:40:00,7.25584
2021-09-11 06:40:00,7.26097
2021-09-11 07:40:00,7.28448
2021-09-11 08:40:00,7.2225
2021-09-11 09:40:00,7.25966
2021-09-11 10:40:00,7.29769
2021-09-11 11:40:00,7.30314
2021-09-11 12:40:00,7.34682
2021-09-11 13:40:00,7.362
2021-09-11 14:40:00,7.35361
2021-09-11 15:40:00,7.25538
2021-09-11 16:40:00,7.2466
2021-09-11 17:40:00,7.20293
2021-09-11 18:40:00,7.18574
2021-09-11 19:40:00,7.18445
2021-09-11 20:40:00,7.18559
2021-09-11 21:40:00,7.18585
2021-09-11 22:40:00,7.18893
2021-09-11 23:40:00,7.19167
2021-09-12 00:40:00,7.19954
2021-09-12 01:40:00,7.21155
2021-09-12 02:40:00,7.21288
2021-09-12 03:40:00,7.21955
2021-09-12 04:40:00,7.23606
2021-09-12 05:40:00,7.23995
2021-09-12 06:40:00,7.24891
2021-09-12 07:40:00,7.25704
2021-09-12 08:40:00,7.19563
2021-09-12 09:40:00,7.25893
2021-09-12 10:40:00,7.2712
2021-09-12 11:40:00,7.28026
2021-09-12 12:40:00,7.32919
2021-09-12 13:40:00,7.34761
2021-09-12 14:40:00,7.32307
2021-09-12 15:40:00,7.25838
2021-09-12 16:40:00,7.23749
2021-09-12 17:40:00,7.21149
2021-09-12 18:40:00,7.19958
2021-09-12 19:40:00,7.18513
2021-09-12 20:40:00,7.19173
2021-09-12 21:40:00,7.19816
2021-09-12 22:40:00,7.19802
2021-09-12 23:40:00,7.21205
2021-09-13 00:40:00,7.21675
2021-09-13 01:40:00,7.22827
2021-09-13 02:40:00,7.22453
2021-09-13 03:40:00,7.22975
2021-09-13 04:40:00,7.2332
2021-09-13 05:40:00,7.23754
2021-09-13 06:40:00,7.24156
2021-09-13 07:40:00,7.28321
2021-09-13 08:40:00,7.21331
2021-09-13 09:40:00,7.27555
2021-09-13 10:40:00,7.27165
2021-09-13 11:40:00,7.26548
2021-09-13 12:40:00,7.30988
2021-09-13 13:40:00,7.34007
2021-09-13 14:40:00,7.31796
2021-09-13 15:40:00,7.23061
2021-09-13 16:40:00,7.24656
2021-09-13 17:40:00,7.21069
2021-09-13 18:40:00,7.20135
2021-09-13 19:40:00,7.19395
2021-09-13 20:40:00,7.20117
2021-09-13 21:40:00,7.19877
2021-09-13 22:40:00,7.20789
2021-09-13 23:40:00,7.21262
2021-09-14 00:40:00,7.22104
2021-09-14 01:40:00,7.22661
2021-09-14 02:40:00,7.23733
2021-09-14 03:40:00,7.25134
2021-09-14 04:40:00,7.25291
2021-09-14 05:40:00,7.26415
2021-09-14 06:40:00,7.26175
2021-09-14 07:40:00,7.27084
2021-09-14 08:40:00,7.21869
2021-09-14 09:40:00,7.26062
2021-09-14 10:40:00,7.27986
2021-09-14 11:40:00,7.26622
2021-09-14 12:40:00,7.29874
2021-09-14 13:40:00,7.31611
2021-09-14 14:40:00,7.29526
2021-09-14 15:40:00,7.22318
2021-09-14 16:40:00,7.22769
2021-09-14 17:40:00,7.20281
2021-09-14 18:40:00,7.19995
2021-09-14 19:40:00,7.18898
2021-09-14 20:40:00,7.19934
2021-09-14 21:40:00,7.20211
2021-09-14 22:40:00,7.20833
2021-09-14 23:40:00,7.22372
2021-09-15 00:40:00,7.22629
2021-09-15 01:40:00,7.23168
2021-09-15 02:40:00,7.24319
2021-09-15 03:40:00,7.2461
2021-09-15 04:40:00,7.2516
2021-09-15 05:40:00,7.25001
2021-09-15 06:40:00,7.25891
2021-09-15 07:40:00,7.26141
2021-09-15 08:40:00,7.20588
2021-09-15 09:40:00,7.24747
2021-09-15 10:40:00,7.25643
2021-09-15 11:40:00,7.26594
2021-09-15 12:40:00,7.27672
2021-09-15 13:40:00,7.29821
2021-09-15 14:40:00,7.2868
2021-09-15 15:40:00,7.22721
2021-09-15 16:40:00,7.23024
2021-09-15 17:40:00,7.20894
2021-09-15 18:40:00,7.20175
2021-09-15 20:37:00,7.18867
2021-09-15 21:37:00,7.18964
2021-09-15 22:37:00,7.2063
2021-09-15 23:37:00,7.20444
2021-09-16 01:07:00,7.19214
2021-09-16 03:02:00,7.21108
2021-09-16 04:02:00,7.22997
2021-09-16 05:42:00,7.23802
2021-09-16 06:42:00,7.25139
2021-09-16 07:51:00,7.25261
2021-09-16 08:51:00,7.19923
2021-09-16 09:51:00,7.22139
2021-09-16 10:51:00,7.23826
2021-09-16 11:51:00,7.25901
2021-09-16 12:51:00,7.2808
2021-09-16 14:40:00,7.24002
2021-09-16 15:40:00,7.22111
2021-09-16 17:40:00,7.20718
2021-09-16 18:40:00,7.20242
2021-09-16 19:40:00,7.21039
2021-09-16 20:40:00,7.2022
2021-09-16 21:40:00,7.21195
2021-09-16 22:40:00,7.21781
2021-09-16 23:40:00,7.22783
2021-09-17 00:40:00,7.2252
2021-09-17 01:40:00,7.23392
2021-09-17 02:40:00,7.24469
2021-09-17 04:59:00,7.25278
2021-09-17 05:59:00,7.26099
2021-09-17 06:59:00,7.26567
2021-09-17 07:59:00,7.22518
2021-09-17 08:59:00,7.22375
2021-09-17 09:59:00,7.2467
2021-09-17 10:59:00,7.26404
2021-09-17 11:59:00,7.24364
2021-09-17 12:59:00,7.27791
2021-09-17 13:59:00,7.2976
2021-09-17 14:59:00,7.26737
2021-09-17 15:59:00,7.23053
2021-09-17 16:59:00,7.19898
2021-09-17 17:59:00,7.19432
2021-09-17 18:59:00,7.18476
2021-09-17 19:59:00,7.19469
2021-09-17 20:59:00,7.19964
2021-09-17 21:59:00,7.20501
2021-09-17 22:59:00,7.21101
2021-09-17 23:59:00,7.20914
2021-09-18 00:59:00,7.22424
2021-09-18 01:59:00,7.23902
2021-09-18 02:59:00,7.23784
2021-09-18 03:59:00,7.25192
2021-09-18 04:59:00,7.25653
2021-09-18 05:59:00,7.26867
2021-09-18 06:59:00,7.27453
2021-09-18 07:59:00,7.24849
2021-09-18 08:59:00,7.24735
2021-09-18 09:59:00,7.27149
2021-09-18 10:59:00,7.29682
2021-09-18 11:59:00,7.29109
2021-09-18 12:59:00,7.32365
2021-09-18 13:59:00,7.33878
2021-09-18 14:59:00,7.30962
2021-09-18 15:59:00,7.29402
2021-09-18 16:59:00,7.28096
2021-09-18 17:59:00,7.25902
2021-09-18 18:59:00,7.24319
2021-09-18 19:59:00,7.24941
2021-09-18 20:59:00,7.2587
2021-09-18 21:59:00,7.2606
2021-09-18 22:59:00,7.26363
2021-09-18 23:59:00,7.27474
2021-09-19 00:59:00,7.28507
2021-09-19 01:59:00,7.2962
2021-09-19 02:59:00,7.29693
2021-09-19 03:59:00,7.30333
2021-09-19 04:59:00,7.31044
2021-09-19 05:59:00,7.30757
2021-09-19 06:59:00,7.31519
2021-09-19 07:59:00,7.27647
2021-09-19 08:59:00,7.26372
2021-09-19 09:59:00,7.26525
2021-09-19 10:59:00,7.31295
2021-09-19 11:59:00,7.29904
2021-09-19 12:59:00,7.31769
2021-09-19 13:59:00,7.33834
2021-09-19 14:59:00,7.299
2021-09-19 15:59:00,7.27285
2021-09-19 16:59:00,7.23279
2021-09-19 17:59:00,7.21083
2021-09-19 18:59:00,7.20589
2021-09-19 19:59:00,7.21507
2021-09-19 20:59:00,7.21875
2021-09-19 21:59:00,7.21331
2021-09-19 22:59:00,7.22237
2021-09-19 23:59:00,7.23415
2021-09-20 00:59:00,7.24337
2021-09-20 01:59:00,7.24661
2021-09-20 02:59:00,7.25676
2021-09-20 03:59:00,7.26231
2021-09-20 04:59:00,7.26542
2021-09-20 05:59:00,7.27017
2021-09-20 06:59:00,7.27891
2021-09-20 07:59:00,7.23152
2021-09-20 08:59:00,7.25282
2021-09-20 09:59:00,7.28113
2021-09-20 10:59:00,7.31822
2021-09-20 11:59:00,7.3035
2021-09-20 12:59:00,7.33362
2021-09-20 13:59:00,7.34296
2021-09-20 14:59:00,7.32672
2021-09-20 15:59:00,7.26932
2021-09-20 16:59:00,7.22833
2021-09-20 17:59:00,7.20459
2021-09-20 18:59:00,7.19879
2021-09-20 19:59:00,7.20683
2021-09-20 20:59:00,7.20651
2021-09-20 21:59:00,7.21377
2021-09-20 22:59:00,7.22798
2021-09-20 23:59:00,7.23482
2021-09-21 00:59:00,7.23904
2021-09-21 01:59:00,7.25397
2021-09-21 02:59:00,7.26015
2021-09-21 03:59:00,7.26088
2021-09-21 04:59:00,7.27268
2021-09-21 05:59:00,7.27058
2021-09-21 06:59:00,7.27103
2021-09-21 07:59:00,7.25136
2021-09-21 08:59:00,7.25411
2021-09-21 09:59:00,7.29538
2021-09-21 10:59:00,7.33134
2021-09-21 11:59:00,7.29908
2021-09-21 12:59:00,7.31712
2021-09-21 13:59:00,7.32385
2021-09-21 14:59:00,7.27121
2021-09-21 15:59:00,7.24253
2021-09-21 16:59:00,7.23397
2021-09-21 17:59:00,7.22495
2021-09-21 18:59:00,7.21468
2021-09-21 19:59:00,7.22578
2021-09-21 20:59:00,7.23233
2021-09-21 21:59:00,7.2434
2021-09-21 22:59:00,7.25681
2021-09-21 23:59:00,7.26172
2021-09-22 00:59:00,7.27123
2021-09-22 01:59:00,7.27262
2021-09-22 02:59:00,7.27255
2021-09-22 03:59:00,7.283
2021-09-22 04:59:00,7.29036
2021-09-22 05:59:00,7.2819
2021-09-22 06:59:00,7.28293
2021-09-22 07:59:00,7.29214
2021-09-22 08:59:00,7.28298
2021-09-22 09:59:00,7.30851
2021-09-22 10:59:00,7.33262
2021-09-22 11:59:00,7.32795
2021-09-22 12:59:00,7.36094
2021-09-22 13:59:00,7.36698
2021-09-22 14:59:00,7.33025
2021-09-22 15:59:00,7.28398
2021-09-22 16:59:00,7.2578
2021-09-22 17:59:00,7.23203
2021-09-22 18:59:00,7.22454
2021-09-22 19:59:00,7.22008
2021-09-22 20:59:00,7.22393
2021-09-22 21:59:00,7.23455
2021-09-22 22:59:00,7.23812
2021-09-22 23:59:00,7.23691
2021-09-23 00:59:00,7.24725
2021-09-23 01:59:00,7.24843
2021-09-23 02:59:00,7.25106
2021-09-23 03:59:00,7.25468
2021-09-23 04:59:00,7.26693
2021-09-23 05:59:00,7.26337
2021-09-23 06:59:00,7.27897
2021-09-23 08:58:00,7.27081
2021-09-23 09:58:00,7.28984
2021-09-23 10:58:00,7.30345
2021-09-23 11:58:00,7.30847
2021-09-23 12:58:00,7.33164
2021-09-23 13:58:00,7.33311
2021-09-23 14:58:00,7.28461
2021-09-23 15:58:00,7.25076
2021-09-23 16:58:00,7.22936
2021-09-23 17:58:00,7.20843
2021-09-23 18:58:00,7.20137
2021-09-23 19:58:00,7.20221
2021-09-23 20:58:00,7.19683
2021-09-23 21:58:00,7.19206
2021-09-23 22:58:00,7.19222
2021-09-23 23:58:00,7.20704
2021-09-24 00:58:00,7.21383
2021-09-24 01:58:00,7.21601
2021-09-24 02:58:00,7.22588
2021-09-24 03:58:00,7.22364
2021-09-24 04:58:00,7.22033
2021-09-24 05:58:00,7.24156
2021-09-24 06:58:00,7.25193
2021-09-24 07:58:00,7.25047
2021-09-24 08:58:00,7.2384
2021-09-24 09:58:00,7.27041
2021-09-24 10:58:00,7.30162
2021-09-24 11:58:00,7.30737
2021-09-24 12:58:00,7.3253
2021-09-24 13:58:00,7.32494
2021-09-24 14:58:00,7.26259
2021-09-24 15:58:00,7.22598
2021-09-24 16:58:00,7.19328
2021-09-24 17:58:00,7.19427
2021-09-24 18:58:00,7.18027
2021-09-24 19:58:00,7.18278
2021-09-24 20:58:00,7.18159
2021-09-24 21:58:00,7.17077
2021-09-24 22:58:00,7.18127
2021-09-24 23:58:00,7.17549
2021-09-25 00:58:00,7.18149
2021-09-25 01:58:00,7.19935
2021-09-25 02:58:00,7.1951
2021-09-25 03:58:00,7.20416
2021-09-25 04:58:00,7.19347
2021-09-25 05:58:00,7.20438
2021-09-25 06:58:00,7.22243
2021-09-25 07:58:00,7.19411
2021-09-25 08:58:00,7.19535
2021-09-25 09:58:00,7.23418
2021-09-25 10:58:00,7.24368
2021-09-25 11:58:00,7.26901
2021-09-25 12:58:00,7.28913
2021-09-25 13:58:00,7.29118
2021-09-25 14:58:00,7.24722
2021-09-25 15:58:00,7.22825
2021-09-25 16:58:00,7.20436
2021-09-25 17:58:00,7.19838
2021-09-25 18:58:00,7.19121
2021-09-25 19:58:00,7.19397
2021-09-25 20:58:00,7.1791
2021-09-25 21:58:00,7.20998
2021-09-25 22:58:00,7.1929
2021-09-25 23:58:00,7.19862
2021-09-26 00:58:00,7.18708
2021-09-26 01:58:00,7.20781
2021-09-26 02:58:00,7.21261
2021-09-26 03:58:00,7.20524
2021-09-26 04:58:00,7.2218
2021-09-26 05:58:00,7.22414
2021-09-26 06:58:00,7.23392
2021-09-26 07:58:00,7.22115
2021-09-26 08:58:00,7.22502
2021-09-26 09:58:00,7.19193
2021-09-26 10:58:00,7.23851
2021-09-26 11:58:00,7.25198
2021-09-26 12:58:00,7.27659
2021-09-26 13:58:00,7.27005
2021-09-26 14:58:00,7.2052
2021-09-26 15:58:00,7.20504
2021-09-26 16:58:00,7.20055
2021-09-26 17:58:00,7.20551
2021-09-26 18:58:00,7.18651
2021-09-26 19:58:00,7.19316
2021-09-26 20:58:00,7.19362
2021-09-26 23:04:00,7.18642
2021-09-27 00:04:00,7.203
2021-09-27 01:04:00,7.20923
2021-09-27 02:04:00,7.21213
2021-09-27 03:04:00,7.20218
2021-09-27 04:04:00,7.21072
2021-09-27 05:04:00,7.20671
2021-09-27 07:21:00,7.23785
2021-09-27 08:21:00,7.17612
2021-09-27 09:21:00,7.21184
2021-09-27 10:21:00,7.2367
2021-09-27 11:21:00,7.2389
2021-09-27 12:21:00,7.28235
2021-09-27 13:21:00,7.30081
2021-09-27 14:21:00,7.30558
2021-09-27 15:21:00,7.22757
2021-09-27 16:21:00,7.208
2021-09-27 17:21:00,7.19213
2021-09-27 18:21:00,7.19272
2021-09-27 19:21:00,7.17616
2021-09-27 20:21:00,7.16751
2021-09-27 21:21:00,7.19111
2021-09-27 22:21:00,7.19485
2021-09-27 23:21:00,7.19518
2021-09-28 00:21:00,7.18743
2021-09-28 01:21:00,7.17164
2021-09-28 02:21:00,7.20069
2021-09-28 03:21:00,7.22634
2021-09-28 04:21:00,7.20355
2021-09-28 05:21:00,7.18998
2021-09-28 06:21:00,7.21804
2021-09-28 07:21:00,7.24368
2021-09-28 08:21:00,7.20936
2021-09-28 09:21:00,7.25245
2021-09-28 10:21:00,7.26262
2021-09-28 11:21:00,7.27735
2021-09-28 12:21:00,7.3112
2021-09-28 13:21:00,7.32377
2021-09-28 14:21:00,7.31649
2021-09-28 15:21:00,7.23563
2021-09-28 16:21:00,7.21945
2021-09-28 17:21:00,7.17634
2021-09-28 18:21:00,7.17188
2021-09-28 19:21:00,7.18742
2021-09-28 20:21:00,7.17118
2021-09-28 21:21:00,7.18396
2021-09-28 22:21:00,7.15964
2021-09-28 23:21:00,7.19168
2021-09-29 00:21:00,7.18129
2021-09-29 01:21:00,7.19599
2021-09-29 02:21:00,7.20588
2021-09-29 03:21:00,7.18776
2021-09-29 04:21:00,7.18892
2021-09-29 05:21:00,7.20501
2021-09-29 06:21:00,7.21223
2021-09-29 07:21:00,7.21571
2021-09-29 08:21:00,7.18762
2021-09-29 09:21:00,7.22415
2021-09-29 10:21:00,7.21627
2021-09-29 11:21:00,7.2432
2021-09-29 12:21:00,7.28097
2021-09-29 13:21:00,7.3006
2021-09-29 14:21:00,7.29584
2021-09-29 15:21:00,7.24123
2021-09-29 16:21:00,7.22939
2021-09-29 17:21:00,7.20705
2021-09-29 18:21:00,7.2069
2021-09-29 19:21:00,7.20638
2021-09-29 20:21:00,7.21311
2021-09-29 21:21:00,7.21468
2021-09-29 22:21:00,7.21757
2021-09-29 23:21:00,7.22413
2021-09-30 00:21:00,7.22463
2021-09-30 01:21:00,7.23515
2021-09-30 02:21:00,7.24624
2021-09-30 03:21:00,7.25252
2021-09-30 04:21:00,7.25136
2021-09-30 05:21:00,7.25534
2021-09-30 06:21:00,7.2653
2021-09-30 07:21:00,7.27774
2021-09-30 08:21:00,7.23374
2021-09-30 09:21:00,7.26864
2021-09-30 10:21:00,7.27655
2021-09-30 11:21:00,7.27944
2021-09-30 12:21:00,7.30862
2021-09-30 13:21:00,7.32904
2021-09-30 14:21:00,7.32385
2021-09-30 15:21:00,7.26009
2021-09-30 16:21:00,7.24519
2021-09-30 17:21:00,7.21388
2021-09-30 18:21:00,7.20472
2021-09-30 19:21:00,7.21444
2021-09-30 20:21:00,7.21517
2021-09-30 21:21:00,7.21929
2021-09-30 22:21:00,7.22334
2021-09-30 23:21:00,7.23318
2021-10-01 00:21:00,7.23159
2021-10-01 01:21:00,7.24115
2021-10-01 02:21:00,7.24466
2021-10-01 03:21:00,7.2536
2021-10-01 04:21:00,7.25811
2021-10-01 05:21:00,7.26416
2021-10-01 06:21:00,7.26996
2021-10-01 07:21:00,7.27682
2021-10-01 08:21:00,7.23789
2021-10-01 09:21:00,7.26494
2021-10-01 10:21:00,7.27067
2021-10-01 11:21:00,7.27396
2021-10-01 12:21:00,7.29778
2021-10-01 13:21:00,7.31631
2021-10-01 14:21:00,7.31352
2021-10-01 15:21:00,7.25695
2021-10-01 16:21:00,7.24655
2021-10-01 17:21:00,7.21478
2021-10-01 18:21:00,7.21423
2021-10-01 19:21:00,7.21006
2021-10-01 20:21:00,7.20993
2021-10-01 21:21:00,7.21203
2021-10-01 22:21:00,7.21841
2021-10-01 23:21:00,7.2172
2021-10-02 00:21:00,7.22994
2021-10-02 01:21:00,7.23363
2021-10-02 02:21:00,7.24933
2021-10-02 03:21:00,7.2506
2021-10-02 04:21:00,7.25601
2021-10-02 05:21:00,7.2441
2021-10-02 06:21:00,7.26679
2021-10-02 07:21:00,7.27669
2021-10-02 08:21:00,7.22814
2021-10-02 09:21:00,7.2469
2021-10-02 10:21:00,7.26698
2021-10-02 11:21:00,7.26596
2021-10-02 12:21:00,7.26651
2021-10-02 13:21:00,7.27211
2021-10-02 14:21:00,7.29078
2021-10-02 15:21:00,7.23873
2021-10-02 16:21:00,7.23626
2021-10-02 17:21:00,7.21941
2021-10-02 18:21:00,7.22364
2021-10-02 19:21:00,7.22142
2021-10-02 20:21:00,7.22297
2021-10-02 21:21:00,7.22578
2021-10-02 22:21:00,7.22556
2021-10-02 23:21:00,7.23576
2021-10-03 00:21:00,7.25043
2021-10-03 01:21:00,7.25563
2021-10-03 02:21:00,7.26714
2021-10-03 03:21:00,7.26298
2021-10-03 04:21:00,7.27089
2021-10-03 05:21:00,7.26793
2021-10-03 06:21:00,7.28261
2021-10-03 07:21:00,7.28299
2021-10-03 08:21:00,7.23829
2021-10-03 09:21:00,7.27248
2021-10-03 10:21:00,7.28278
2021-10-03 11:21:00,7.27261
2021-10-03 12:21:00,7.28904
2021-10-03 13:21:00,7.31789
2021-10-03 14:21:00,7.32176
2021-10-03 15:21:00,7.25508
2021-10-03 16:21:00,7.2538
2021-10-03 17:21:00,7.2293
2021-10-03 18:21:00,7.21685
2021-10-03 19:21:00,7.21616
2021-10-03 20:21:00,7.22549
2021-10-03 21:21:00,7.2319
2021-10-03 22:21:00,7.22892
2021-10-03 23:21:00,7.23262
2021-10-04 00:21:00,7.24045
2021-10-04 01:21:00,7.26157
2021-10-04 02:21:00,7.26299
2021-10-04 03:21:00,7.25144
2021-10-04 04:21:00,7.27247
2021-10-04 05:21:00,7.26967
2021-10-04 06:21:00,7.26915
2021-10-04 07:21:00,7.27418
2021-10-04 08:21:00,7.22913
2021-10-04 09:21:00,7.21428
2021-10-04 10:21:00,7.22847
2021-10-04 11:21:00,7.22123
2021-10-04 12:21:00,7.25825
2021-10-04 13:21:00,7.26466
2021-10-04 14:21:00,7.28267
2021-10-04 15:21:00,7.26919
2021-10-04 16:21:00,7.26041
2021-10-04 17:21:00,7.24591
2021-10-04 19:06:00,7.2479
2021-10-04 20:06:00,7.2615
2021-10-04 21:23:00,7.27349
2021-10-04 22:23:00,7.26842
2021-10-05 01:00:00,7.27651
2021-10-05 02:00:00,7.28542
2021-10-05 03:41:00,7.29186
2021-10-05 04:41:00,7.30565
2021-10-05 05:41:00,7.31178
2021-10-05 06:41:00,7.31177
2021-10-05 07:41:00,7.31992
2021-10-05 08:41:00,7.27146
2021-10-05 09:41:00,7.3006
2021-10-05 11:41:00,7.33233
2021-10-05 12:44:00,7.353
2021-10-05 13:44:00,7.36762
2021-10-05 14:44:00,7.38008
2021-10-05 15:44:00,7.35142
2021-10-05 16:44:00,7.35114
2021-10-05 17:44:00,7.33385
2021-10-05 19:28:00,7.31281
2021-10-05 20:28:00,7.30767
2021-10-05 21:28:00,7.31082
2021-10-05 22:28:00,7.33096
2021-10-05 23:28:00,7.34054
2021-10-06 00:28:00,7.34686
2021-10-06 01:28:00,7.3488
2021-10-06 02:28:00,7.35872
2021-10-06 03:28:00,7.35156
2021-10-06 04:28:00,7.35601
2021-10-06 05:28:00,7.35495
2021-10-06 06:28:00,7.35867
2021-10-06 07:28:00,7.32824
2021-10-06 08:28:00,7.28866
2021-10-06 09:28:00,7.22921
2021-10-06 10:28:00,7.38354
2021-10-06 11:28:00,7.66214
2021-10-06 12:28:00,7.86957
2021-10-06 13:28:00,8.05543
2021-10-06 14:28:00,8.17946
2021-10-06 15:28:00,8.22714
2021-10-06 16:28:00,8.23185
2021-10-06 17:28:00,8.21022
2021-10-06 18:28:00,8.19244
2021-10-06 19:28:00,8.15471
2021-10-06 20:28:00,8.12935
2021-10-06 21:28:00,8.11691
2021-10-06 22:28:00,8.09781
2021-10-06 23:28:00,8.0712
2021-10-07 00:28:00,8.04576
2021-10-07 01:28:00,8.01525
2021-10-07 02:28:00,7.98191
2021-10-07 03:28:00,7.96572
2021-10-07 04:28:00,7.94768
2021-10-07 05:28:00,7.9088
2021-10-07 06:28:00,7.8583
2021-10-07 07:28:00,7.92535
2021-10-07 08:28:00,7.95676
2021-10-07 09:28:00,8.01986
2021-10-07 10:28:00,8.05882
2021-10-07 11:28:00,8.16714
2021-10-07 12:28:00,8.22056
2021-10-07 13:28:00,8.2681
2021-10-07 15:49:00,8.33544
2021-10-07 16:49:00,8.33515
2021-10-07 17:49:00,8.32075
2021-10-07 18:49:00,8.30245
2021-10-07 19:49:00,8.28152
2021-10-07 20:49:00,8.25766
2021-10-07 21:49:00,8.2327
2021-10-07 22:49:00,8.22678
2021-10-07 23:49:00,8.20409
2021-10-08 00:49:00,8.18249
2021-10-08 01:49:00,8.1653
2021-10-08 02:49:00,8.15004
2021-10-08 03:49:00,8.12822
2021-10-08 04:49:00,8.10603
2021-10-08 05:49:00,8.08804
2021-10-08 06:49:00,8.07288
2021-10-08 07:49:00,8.07402
2021-10-08 09:20:00,8.11576
2021-10-08 10:20:00,8.15976
2021-10-08 11:20:00,8.22111
2021-10-08 12:20:00,8.26601
2021-10-08 13:20:00,8.41938
2021-10-08 14:20:00,8.36193
2021-10-08 16:00:00,8.43923
2021-10-08 17:00:00,8.45475
2021-10-08 18:00:00,8.42695
2021-10-08 19:00:00,8.41564
2021-10-08 20:00:00,8.40211
2021-10-08 21:00:00,8.38004
2021-10-08 22:00:00,8.36186
2021-10-08 23:00:00,8.34358
2021-10-09 00:00:00,8.32673
2021-10-09 01:00:00,8.30709
2021-10-09 02:00:00,8.28549
2021-10-09 03:00:00,8.26253
2021-10-09 04:00:00,8.24211
2021-10-09 05:00:00,8.21959
2021-10-09 06:00:00,8.1959
2021-10-09 07:00:00,8.17729
2021-10-09 08:00:00,8.20517
2021-10-09 10:56:00,7.08195
2021-10-09 11:56:00,7.04939
2021-10-09 12:56:00,7.045
2021-10-09 13:56:00,7.03972
2021-10-09 14:56:00,7.03024
2021-10-09 15:56:00,7.0231
2021-10-09 16:56:00,7.00906
2021-10-09 17:56:00,7.00458
2021-10-09 18:56:00,7.01146
2021-10-09 19:56:00,7.02232
2021-10-09 20:56:00,7.03228
2021-10-09 21:56:00,7.04446
2021-10-09 22:56:00,7.05572
2021-10-09 23:56:00,7.05501
2021-10-10 00:56:00,7.065
2021-10-10 01:56:00,7.06992
2021-10-10 02:56:00,7.07777
2021-10-10 03:56:00,7.07843
2021-10-10 04:56:00,7.08983
2021-10-10 05:56:00,7.09792
2021-10-10 06:56:00,7.0936
2021-10-10 07:56:00,7.08842
2021-10-10 08:56:00,7.06417
2021-10-10 09:56:00,7.06684
2021-10-10 10:56:00,7.05248
2021-10-10 11:56:00,7.06552
2021-10-10 12:56:00,7.07452
2021-10-10 13:56:00,7.05987
2021-10-10 14:56:00,7.04176
2021-10-10 15:56:00,7.03415
2021-10-10 16:56:00,7.02009
2021-10-10 17:56:00,7.02038
2021-10-10 18:56:00,7.02197
2021-10-10 19:56:00,7.02492
2021-10-10 20:56:00,7.03496
2021-10-10 21:56:00,7.04251
2021-10-10 22:56:00,7.04719
2021-10-10 23:56:00,7.06123
2021-10-11 00:56:00,7.06671
2021-10-11 01:56:00,7.06976
2021-10-11 02:56:00,7.08363
2021-10-11 03:56:00,7.08881
2021-10-11 04:56:00,7.09149
2021-10-11 05:56:00,7.09904
2021-10-11 07:56:00,7.07159
2021-10-11 08:56:00,7.05762
2021-10-11 09:56:00,7.05526
2021-10-11 10:56:00,7.05466
2021-10-11 13:47:00,7.06729
2021-10-11 14:47:00,7.06265
2021-10-11 15:47:00,7.04241
2021-10-11 16:47:00,7.03583
2021-10-11 17:47:00,7.02829
2021-10-11 18:47:00,7.02733
2021-10-11 19:47:00,7.02884
2021-10-11 20:47:00,7.03615
2021-10-11 21:47:00,7.03866
2021-10-11 22:47:00,7.04686
2021-10-11 23:47:00,7.04752
2021-10-12 00:47:00,7.0497
2021-10-12 01:47:00,7.05342
2021-10-12 02:47:00,7.05538
2021-10-12 03:47:00,7.06145
2021-10-12 04:47:00,7.06129
2021-10-12 05:47:00,7.06955
2021-10-12 06:47:00,7.07055
2021-10-12 07:47:00,7.07418
2021-10-12 08:47:00,7.053
2021-10-12 09:47:00,7.08173
2021-10-12 10:47:00,7.11417
2021-10-12 11:47:00,7.09933
2021-10-12 12:47:00,7.10692
2021-10-12 13:47:00,7.12996
2021-10-12 14:47:00,7.10956
2021-10-12 17:07:00,7.00203
2021-10-12 18:07:00,7.00201
2021-10-12 19:07:00,6.994
2021-10-12 20:07:00,7.00497
2021-10-12 21:07:00,7.01014
2021-10-12 22:07:00,7.00685
2021-10-12 23:07:00,7.01706
2021-10-13 00:07:00,7.02352
2021-10-13 01:07:00,7.02983
2021-10-13 02:07:00,7.03112
2021-10-13 03:07:00,7.03488
2021-10-13 04:07:00,7.03777
2021-10-13 05:07:00,7.04603
2021-10-13 06:07:00,7.05021
2021-10-13 07:07:00,7.04534
2021-10-13 08:07:00,7.06963
2021-10-13 09:07:00,7.08318
2021-10-13 10:07:00,7.08596
2021-10-13 11:07:00,7.10854
2021-10-13 12:07:00,7.08881
2021-10-13 13:07:00,7.11684
2021-10-13 14:07:00,7.11103
2021-10-13 15:07:00,7.06678
2021-10-13 16:07:00,7.00479
2021-10-13 17:07:00,6.97778
2021-10-13 18:07:00,6.97607
2021-10-13 19:07:00,6.96993
2021-10-13 20:07:00,6.97677
2021-10-13 21:07:00,6.97368
2021-10-13 22:07:00,6.97567
2021-10-13 23:07:00,6.98744
2021-10-14 00:07:00,6.99269
2021-10-14 01:07:00,6.99655
2021-10-14 02:07:00,7.00272
2021-10-14 03:07:00,7.0078
2021-10-14 04:07:00,7.01705
2021-10-14 05:07:00,7.01467
2021-10-14 06:07:00,7.01521
2021-10-14 07:07:00,7.02168
2021-10-14 08:07:00,7.07341
2021-10-14 09:07:00,7.06072
2021-10-14 10:07:00,7.06843
2021-10-14 11:07:00,7.13248
2021-10-14 12:07:00,7.06708
2021-10-14 13:07:00,7.07959
2021-10-14 14:07:00,7.08069
2021-10-14 15:07:00,7.05112
2021-10-14 16:07:00,7.01253
2021-10-14 17:07:00,6.9945
2021-10-14 18:07:00,6.98709
2021-10-14 19:07:00,6.97756
2021-10-14 20:07:00,6.99026
2021-10-14 21:07:00,6.99134
2021-10-14 22:07:00,6.99037
2021-10-14 23:07:00,7.00678
2021-10-15 00:07:00,7.00734
2021-10-15 01:07:00,7.01837
2021-10-15 02:07:00,7.02477
2021-10-15 03:07:00,7.02735
2021-10-15 04:07:00,7.02757
2021-10-15 05:07:00,7.03649
2021-10-15 06:07:00,7.05365
2021-10-15 07:07:00,7.05471
2021-10-15 08:07:00,7.09764
2021-10-15 09:07:00,7.10733
2021-10-15 10:07:00,7.10782
2021-10-15 11:07:00,7.1425
2021-10-15 12:07:00,7.0918
2021-10-15 13:07:00,7.1147
2021-10-15 14:07:00,7.09318
2021-10-15 15:07:00,7.04558
2021-10-15 16:07:00,7.01912
2021-10-15 17:07:00,7.0051
2021-10-15 18:07:00,7.00822
2021-10-15 19:07:00,7.0142
2021-10-15 20:07:00,7.02776
2021-10-15 21:07:00,7.0392
2021-10-15 22:07:00,7.0432
2021-10-15 23:07:00,7.05432
2021-10-16 00:07:00,7.0612
2021-10-16 01:07:00,7.06563
2021-10-16 02:07:00,7.07207
2021-10-16 03:07:00,7.08006
2021-10-16 04:07:00,7.08306
2021-10-16 05:07:00,7.08829
2021-10-16 06:07:00,7.08539
2021-10-16 07:07:00,7.0775
2021-10-16 08:07:00,7.05354
2021-10-16 09:07:00,7.053
2021-10-16 10:07:00,7.06072
2021-10-16 11:07:00,7.05209
2021-10-16 12:07:00,7.06771
2021-10-16 13:07:00,7.06503
2021-10-16 14:07:00,7.05696
2021-10-16 15:07:00,7.04412
2021-10-16 16:07:00,7.02859
2021-10-16 17:07:00,7.01413
2021-10-16 18:07:00,7.00493
2021-10-16 19:07:00,7.01019
2021-10-16 20:07:00,7.01371
2021-10-16 21:07:00,7.02532
2021-10-16 22:07:00,7.02661
2021-10-16 23:07:00,7.03508
2021-10-17 00:07:00,7.04283
2021-10-17 01:07:00,7.05037
2021-10-17 02:07:00,7.06203
2021-10-17 03:07:00,7.06409
2021-10-17 04:07:00,7.07315
2021-10-17 05:07:00,7.07537
2021-10-17 06:07:00,7.07469
2021-10-17 07:07:00,7.07287
2021-10-17 08:07:00,7.06533
2021-10-17 09:07:00,7.0808
2021-10-17 10:07:00,7.08031
2021-10-17 11:07:00,7.08783
2021-10-17 12:07:00,7.09536
2021-10-17 13:07:00,7.10845
2021-10-17 14:07:00,7.10459
2021-10-17 15:07:00,7.06004
2021-10-17 16:07:00,7.03455
2021-10-17 17:07:00,7.01442
2021-10-17 18:07:00,7.01474
2021-10-17 19:07:00,7.00501
2021-10-17 20:07:00,7.01263
2021-10-17 21:07:00,7.02331
2021-10-17 22:07:00,7.02936
2021-10-17 23:07:00,7.03876
2021-10-18 00:07:00,7.0483
2021-10-18 01:07:00,7.05756
2021-10-18 02:07:00,7.06939
2021-10-18 03:07:00,7.07233
2021-10-18 04:07:00,7.07254
2021-10-18 05:07:00,7.07532
2021-10-18 06:07:00,7.07725
2021-10-18 07:07:00,7.07988
2021-10-18 09:13:00,7.09418
2021-10-18 10:13:00,7.1047
2021-10-18 11:13:00,7.10508
2021-10-18 12:13:00,7.11897
2021-10-18 13:13:00,7.12063
2021-10-18 14:13:00,7.1228
2021-10-18 15:13:00,7.0674
2021-10-18 16:13:00,7.05759
2021-10-18 17:13:00,7.03713
2021-10-18 18:13:00,7.03707
2021-10-18 19:13:00,7.04143
2021-10-18 20:13:00,7.05089
2021-10-18 21:13:00,7.04913
2021-10-18 22:13:00,7.0606
2021-10-18 23:13:00,7.06625
2021-10-19 00:13:00,7.0767
2021-10-19 01:13:00,7.08519
2021-10-19 02:13:00,7.08851
2021-10-19 03:13:00,7.09624
2021-10-19 04:13:00,7.09836
2021-10-19 05:13:00,7.09641
2021-10-19 06:13:00,7.09907
2021-10-19 07:13:00,7.09563
2021-10-19 08:13:00,7.07381
2021-10-19 09:13:00,7.06943
2021-10-19 10:13:00,7.07942
2021-10-19 11:13:00,7.09075
2021-10-19 12:13:00,7.10609
2021-10-19 13:13:00,7.10358
2021-10-19 14:13:00,7.09939
2021-10-19 15:13:00,7.06231
2021-10-19 16:13:00,7.04405
2021-10-19 17:13:00,7.0217
2021-10-19 18:13:00,7.01434
2021-10-19 19:13:00,7.0224
2021-10-19 20:13:00,7.02838
2021-10-19 21:13:00,7.03647
2021-10-19 22:13:00,7.03629
2021-10-19 23:13:00,7.04349
2021-10-20 00:13:00,7.04207
2021-10-20 01:13:00,7.04566
2021-10-20 02:13:00,7.04476
2021-10-20 03:13:00,7.04994
2021-10-20 04:13:00,7.06005
2021-10-20 05:13:00,7.05686
2021-10-20 06:13:00,7.06018
2021-10-20 07:13:00,7.07121
2021-10-20 08:13:00,7.06304
2021-10-20 09:13:00,7.07409
2021-10-20 10:13:00,7.08116
2021-10-20 11:13:00,7.07535
2021-10-20 12:13:00,7.08598
2021-10-20 13:13:00,7.10087
2021-10-20 14:13:00,7.09361
2021-10-20 15:13:00,7.06458
2021-10-20 16:13:00,7.0471
2021-10-20 17:13:00,7.02967
2021-10-20 18:13:00,7.02204
2021-10-20 19:13:00,7.01522
2021-10-20 20:13:00,7.01917
2021-10-20 21:13:00,7.02205
2021-10-20 22:13:00,7.0215
2021-10-20 23:13:00,7.02771
2021-10-21 00:13:00,7.03515
2021-10-21 01:13:00,7.0365
2021-10-21 02:13:00,7.04189
2021-10-21 03:13:00,7.04387
2021-10-21 04:13:00,7.05532
2021-10-21 05:13:00,7.05679
2021-10-21 06:13:00,7.06194
2021-10-21 07:13:00,7.05936
2021-10-21 09:43:00,7.07024
2021-10-21 10:43:00,7.07649
2021-10-21 11:43:00,7.0679
2021-10-21 12:43:00,7.06564
2021-10-21 13:43:00,7.07227
2021-10-21 14:43:00,7.06718
2021-10-21 15:43:00,7.04293
2021-10-21 16:43:00,7.02711
2021-10-21 17:43:00,7.01142
2021-10-21 18:43:00,7.01133
2021-10-21 19:43:00,7.00373
2021-10-21 20:43:00,7.0125
2021-10-21 21:43:00,7.00905
2021-10-21 22:43:00,7.01782
2021-10-21 23:43:00,7.02542
2021-10-22 00:43:00,7.0213
2021-10-22 01:43:00,7.0288
2021-10-22 02:43:00,7.03303
2021-10-22 03:43:00,7.04545
2021-10-22 04:43:00,7.05223
2021-10-22 05:43:00,7.05309
2021-10-22 06:43:00,7.04784
2021-10-22 07:43:00,7.06905
2021-10-22 08:43:00,7.06932
2021-10-22 09:43:00,7.07866
2021-10-22 10:43:00,7.08287
2021-10-22 11:43:00,7.08609
2021-10-22 12:43:00,7.09981
2021-10-22 13:43:00,7.09127
2021-10-22 14:43:00,7.093
2021-10-22 15:43:00,7.06327
2021-10-22 16:43:00,7.0495
2021-10-22 17:43:00,7.02765
2021-10-22 18:43:00,7.02685
2021-10-22 19:43:00,7.02165
2021-10-22 20:43:00,7.03006
2021-10-22 21:43:00,7.03566
2021-10-22 22:43:00,7.03918
2021-10-22 23:43:00,7.04278
2021-10-23 00:43:00,7.05301
2021-10-23 01:43:00,7.05291
2021-10-23 02:43:00,7.0549
2021-10-23 03:43:00,7.06412
2021-10-23 04:43:00,7.06661
2021-10-23 05:43:00,7.06355
2021-10-23 06:43:00,7.06961
2021-10-23 07:43:00,7.08323
2021-10-23 08:43:00,7.06346
2021-10-23 09:43:00,7.08978
2021-10-23 10:43:00,7.07941
2021-10-23 11:43:00,7.07319
2021-10-23 12:43:00,7.09299
2021-10-23 13:43:00,7.09565
2021-10-23 14:43:00,7.08485
2021-10-23 15:43:00,7.0777
2021-10-23 16:43:00,7.06714
2021-10-23 17:43:00,7.06429
2021-10-23 18:43:00,7.0621
2021-10-23 19:43:00,7.07093
2021-10-23 20:43:00,7.07968
2021-10-23 21:43:00,7.0876
2021-10-23 22:43:00,7.10227
2021-10-23 23:43:00,7.11321
2021-10-24 00:43:00,7.12575
2021-10-24 01:43:00,7.13235
2021-10-24 02:43:00,7.13585
2021-10-24 03:43:00,7.13754
2021-10-24 04:43:00,7.13591
2021-10-24 05:43:00,7.1286
2021-10-24 06:43:00,7.1275
2021-10-24 07:43:00,7.12211
2021-10-24 08:43:00,7.09323
2021-10-24 09:43:00,7.11084
2021-10-24 10:43:00,7.11867
2021-10-24 11:43:00,7.11018
2021-10-24 12:43:00,7.12701
2021-10-24 13:43:00,7.12811
2021-10-24 14:43:00,7.11058
2021-10-24 15:43:00,7.0852
2021-10-24 16:43:00,7.08416
2021-10-24 17:43:00,7.06147
2021-10-24 18:43:00,7.05971
2021-10-24 19:43:00,7.0628
2021-10-24 20:43:00,7.06669
2021-10-24 21:43:00,7.06756
2021-10-24 22:43:00,7.06876
2021-10-24 23:43:00,7.07055
2021-10-25 00:43:00,7.06971
2021-10-25 01:43:00,7.0775
2021-10-25 02:43:00,7.0823
2021-10-25 03:43:00,7.08837
2021-10-25 04:43:00,7.08489
2021-10-25 05:43:00,7.08846
2021-10-25 06:43:00,7.08322
2021-10-25 07:43:00,7.09759
2021-10-25 08:43:00,7.07992
2021-10-25 09:43:00,7.09313
2021-10-25 10:43:00,7.08807
2021-10-25 11:43:00,7.07223
2021-10-25 12:43:00,7.07857
2021-10-25 13:43:00,7.08634
2021-10-25 14:43:00,7.0831
2021-10-25 15:43:00,7.0621
2021-10-25 16:43:00,7.05155
2021-10-25 17:43:00,7.03937
2021-10-25 18:43:00,7.0276
2021-10-25 19:43:00,7.0272
2021-10-25 20:43:00,7.02539
2021-10-25 21:43:00,7.02689
2021-10-25 22:43:00,7.02734
2021-10-25 23:43:00,7.03259
2021-10-26 00:43:00,7.03255
2021-10-26 01:43:00,7.04483
2021-10-26 02:43:00,7.05201
2021-10-26 03:43:00,7.05078
2021-10-26 04:43:00,7.05321
2021-10-26 05:43:00,7.0608
2021-10-26 06:43:00,7.06243
2021-10-26 07:43:00,7.06734
2021-10-26 08:43:00,7.05194
2021-10-26 09:43:00,7.06012
2021-10-26 10:43:00,7.06408
2021-10-26 11:43:00,7.05263
2021-10-26 12:43:00,7.06977
2021-10-26 13:43:00,7.06755
2021-10-26 14:43:00,7.06019
2021-10-26 15:43:00,7.06041
2021-10-26 16:43:00,7.04573
2021-10-26 17:43:00,7.03769
2021-10-26 18:43:00,7.03391
2021-10-26 19:43:00,7.03514
2021-10-26 20:43:00,7.04465
2021-10-26 21:43:00,7.05945
2021-10-26 22:43:00,7.0687
2021-10-26 23:43:00,7.07207
2021-10-27 00:43:00,7.07861
2021-10-27 01:43:00,7.08338
2021-10-27 02:43:00,7.08941
2021-10-27 03:43:00,7.09325
2021-10-27 04:43:00,7.08719
2021-10-27 05:43:00,7.08178
2021-10-27 06:43:00,7.08445
2021-10-27 07:43:00,7.07823
2021-10-27 08:43:00,7.06048
2021-10-27 09:43:00,7.08304
2021-10-27 10:43:00,7.0817
2021-10-27 11:43:00,7.07894
2021-10-27 12:43:00,7.10345
2021-10-27 13:43:00,7.07553
2021-10-27 14:43:00,7.04488
2021-10-27 15:43:00,7.03005
2021-10-27 16:43:00,7.02663
2021-10-27 17:43:00,7.01433
2021-10-27 18:43:00,7.01488
2021-10-27 19:43:00,7.01475
2021-10-27 20:43:00,7.01274
2021-10-27 21:43:00,7.03524
2021-10-27 22:43:00,7.03068
2021-10-27 23:43:00,7.04908
2021-10-28 00:43:00,7.04069
2021-10-28 01:43:00,7.06757
2021-10-28 02:43:00,7.06217
2021-10-28 03:43:00,7.09026
2021-10-28 04:43:00,7.08382
2021-10-28 05:43:00,7.0979
2021-10-28 06:43:00,7.10603
2021-10-28 07:43:00,7.12198
2021-10-28 08:43:00,7.08147
2021-10-28 09:43:00,7.10686
2021-10-28 10:43:00,7.10064
2021-10-28 11:43:00,7.0727
2021-10-28 12:43:00,7.08273
2021-10-28 13:43:00,7.09465
2021-10-28 14:43:00,7.06724
2021-10-28 15:43:00,7.04009
2021-10-28 16:43:00,7.03339
2021-10-28 17:43:00,7.0237
2021-10-28 18:43:00,7.02391
2021-10-28 19:43:00,7.02943
2021-10-28 20:43:00,7.02986
2021-10-28 21:43:00,7.03252
2021-10-28 22:43:00,7.04671
2021-10-28 23:43:00,7.04954
2021-10-29 00:43:00,7.06018
2021-10-29 02:32:00,7.05742
2021-10-29 03:32:00,7.06414
2021-10-29 04:32:00,7.07288
2021-10-29 05:32:00,7.0755
2021-10-29 06:32:00,7.08804
2021-10-29 07:32:00,7.09828
2021-10-29 08:32:00,7.05342
2021-10-29 09:32:00,7.07367
2021-10-29 10:32:00,7.07125
2021-10-29 11:32:00,7.06812
2021-10-29 12:32:00,7.0725
2021-10-29 13:32:00,7.06954
2021-10-29 14:32:00,7.0579
2021-10-29 15:32:00,7.05903
2021-10-29 16:32:00,7.06084
2021-10-29 17:32:00,7.0439
2021-10-29 18:32:00,7.04781
2021-10-29 19:32:00,7.05197
2021-10-29 20:32:00,7.05503
2021-10-29 21:32:00,7.05531
2021-10-29 22:32:00,7.0617
2021-10-29 23:32:00,7.06903
2021-10-30 00:32:00,7.07541
2021-10-30 01:32:00,7.09254
2021-10-30 02:32:00,7.09637
2021-10-30 03:32:00,7.10206
2021-10-30 04:32:00,7.10792
2021-10-30 05:32:00,7.11055
2021-10-30 06:32:00,7.11724
2021-10-30 07:32:00,7.11803
2021-10-30 08:32:00,7.09387
2021-10-30 09:32:00,7.10828
2021-10-30 10:32:00,7.12082
2021-10-30 11:32:00,7.13706
2021-10-30 12:32:00,7.14732
2021-10-30 13:32:00,7.15108
2021-10-30 14:32:00,7.13845
2021-10-30 15:32:00,7.0796
2021-10-30 16:32:00,7.07016
2021-10-30 17:32:00,7.0525
2021-10-30 18:32:00,7.05427
2021-10-30 19:32:00,7.06217
2021-10-30 20:32:00,7.06902
2021-10-30 21:32:00,7.07332
2021-10-30 22:32:00,7.08043
2021-10-30 23:32:00,7.08415
2021-10-31 00:32:00,7.09441
2021-10-31 01:32:00,7.10733
2021-10-31 02:32:00,7.11498
2021-10-31 03:32:00,7.12113
2021-10-31 04:32:00,7.12546
2021-10-31 05:32:00,7.13132
2021-10-31 06:32:00,7.127
2021-10-31 07:32:00,7.12434
2021-10-31 08:32:00,7.12575
2021-10-31 09:32:00,7.09578
2021-10-31 10:32:00,7.11655
2021-10-31 11:32:00,7.10072
2021-10-31 12:32:00,7.0801
2021-10-31 13:32:00,7.08624
2021-10-31 14:32:00,7.08913
2021-10-31 15:32:00,7.0836
2021-10-31 16:32:00,7.05094
2021-10-31 17:32:00,7.05799
2021-10-31 18:32:00,7.04564
2021-10-31 20:32:00,7.0506
2021-10-31 21:32:00,7.0495
2021-10-31 22:32:00,7.0599
2021-10-31 23:32:00,7.06015
2021-11-01 00:32:00,7.06373
2021-11-01 01:32:00,7.06243
2021-11-01 02:32:00,7.07777
2021-11-01 03:32:00,7.08012
2021-11-01 04:32:00,7.08488
2021-11-01 05:32:00,7.09036
2021-11-01 06:32:00,7.096
2021-11-01 07:32:00,7.08495
2021-11-01 08:32:00,7.08691
2021-11-01 09:32:00,7.06994
2021-11-01 10:32:00,7.06912
2021-11-01 11:32:00,7.06439
2021-11-01 12:32:00,7.04989
2021-11-01 13:32:00,7.05604
2021-11-01 14:32:00,7.05721
2021-11-01 17:00:00,7.0415
2021-11-01 19:11:00,7.03123
2021-11-01 20:11:00,7.03888
2021-11-01 21:11:00,7.05434
2021-11-01 22:11:00,7.04869
2021-11-01 23:11:00,7.06597
2021-11-02 00:11:00,7.06417
2021-11-02 01:11:00,7.0785
2021-11-02 02:11:00,7.08577
2021-11-02 03:11:00,7.09038
2021-11-02 04:11:00,7.0909
2021-11-02 05:11:00,7.09797
2021-11-02 06:11:00,7.10137
2021-11-02 07:11:00,7.09761
2021-11-02 08:11:00,7.11587
2021-11-02 09:11:00,7.09521
2021-11-02 10:11:00,7.10087
2021-11-02 11:11:00,7.10348
2021-11-02 12:11:00,7.08499
2021-11-02 13:11:00,7.10541
2021-11-02 14:11:00,7.11017
2021-11-02 15:11:00,7.09786
2021-11-02 16:11:00,7.07522
2021-11-02 17:11:00,7.07288
2021-11-02 18:11:00,7.07597
2021-11-02 19:11:00,7.08378
2021-11-02 20:11:00,7.09328
2021-11-02 21:11:00,7.10487
2021-11-02 22:11:00,7.12242
2021-11-02 23:11:00,7.13301
2021-11-03 00:11:00,7.14131
2021-11-03 01:11:00,7.14884
2021-11-03 02:11:00,7.1558
2021-11-03 03:11:00,7.15815
2021-11-03 04:11:00,7.15772
2021-11-03 05:11:00,7.16273
2021-11-03 06:11:00,7.16339
2021-11-03 07:11:00,7.15751
2021-11-03 08:11:00,7.15826
2021-11-03 09:11:00,7.1073
2021-11-03 11:07:00,7.10115
2021-11-03 12:07:00,7.09068
2021-11-03 13:07:00,7.11768
2021-11-03 14:07:00,7.118
2021-11-03 15:07:00,7.11543
2021-11-03 16:07:00,7.11256
2021-11-03 17:07:00,7.08476
2021-11-03 18:07:00,7.0786
2021-11-03 19:07:00,7.08951
2021-11-03 20:07:00,7.09715
2021-11-03 21:07:00,7.10622
2021-11-03 22:07:00,7.11817
2021-11-03 23:55:00,7.10255
2021-11-04 00:55:00,7.12242
2021-11-04 01:55:00,7.13514
2021-11-04 02:55:00,7.14802
2021-11-04 03:55:00,7.15762
2021-11-04 04:55:00,7.16069
2021-11-04 05:55:00,7.16222
2021-11-04 06:55:00,7.16356
2021-11-04 07:55:00,7.15005
2021-11-04 08:55:00,7.10792
2021-11-04 09:55:00,7.08928
2021-11-04 10:55:00,7.07025
2021-11-04 11:55:00,7.07521
2021-11-04 12:55:00,7.07561
2021-11-04 13:55:00,7.10474
2021-11-04 14:55:00,7.10778
2021-11-04 15:55:00,7.05244
2021-11-04 16:55:00,7.03692
2021-11-04 17:55:00,7.04489
2021-11-04 18:55:00,7.04619
2021-11-04 19:55:00,7.04849
2021-11-04 20:55:00,7.06625
2021-11-04 21:55:00,7.07411
2021-11-04 22:55:00,7.08125
2021-11-04 23:55:00,7.08464
2021-11-05 00:55:00,7.0925
2021-11-05 01:55:00,7.09897
2021-11-05 02:55:00,7.09699
2021-11-05 03:55:00,7.10629
2021-11-05 04:55:00,7.11093
2021-11-05 05:55:00,7.11215
2021-11-05 06:55:00,7.11481
2021-11-05 07:55:00,7.11233
2021-11-05 08:55:00,7.09975
2021-11-05 09:55:00,7.0726
2021-11-05 10:55:00,7.07654
2021-11-05 11:55:00,7.07329
2021-11-05 12:55:00,7.06258
2021-11-05 13:55:00,7.07606
2021-11-05 14:55:00,7.07351
2021-11-05 15:55:00,7.05252
2021-11-05 16:55:00,7.04028
2021-11-05 17:55:00,7.04074
2021-11-05 18:55:00,7.03931
2021-11-05 19:55:00,7.05235
2021-11-05 20:55:00,7.06207
2021-11-05 21:55:00,7.07261
2021-11-05 22:55:00,7.07522
2021-11-05 23:55:00,7.08251
2021-11-06 00:55:00,7.08115
2021-11-06 01:55:00,7.08993
2021-11-06 02:55:00,7.09216
2021-11-06 03:55:00,7.08887
2021-11-06 04:55:00,7.10554
2021-11-06 05:55:00,7.10535
2021-11-06 06:55:00,7.10484
2021-11-06 07:55:00,7.10251
2021-11-06 08:55:00,7.08048
2021-11-06 09:55:00,7.07636
2021-11-06 10:55:00,7.07507
2021-11-06 11:55:00,7.07387
2021-11-06 12:55:00,7.06667
2021-11-06 13:55:00,7.0778
2021-11-06 14:55:00,7.06849
2021-11-06 15:55:00,7.03847
2021-11-06 16:55:00,7.02234
2021-11-06 17:55:00,7.01549
2021-11-06 18:55:00,7.02077
2021-11-06 19:55:00,7.02052
2021-11-06 20:55:00,7.03055
2021-11-06 21:55:00,7.04183
2021-11-06 22:55:00,7.03786
2021-11-06 23:55:00,7.05229
2021-11-07 02:44:00,7.07885
2021-11-07 03:44:00,7.07669
2021-11-07 04:44:00,7.07974
2021-11-07 05:44:00,7.09016
2021-11-07 06:44:00,7.08621
2021-11-07 07:44:00,7.08746
2021-11-07 08:44:00,7.08146
2021-11-07 09:44:00,7.05251
2021-11-07 10:44:00,7.04635
2021-11-07 11:44:00,7.05211
2021-11-07 12:44:00,7.03237
2021-11-07 13:44:00,7.03634
2021-11-07 14:44:00,7.06214
2021-11-07 15:44:00,7.05464
2021-11-07 16:44:00,7.03476
2021-11-07 17:44:00,7.036
2021-11-07 18:44:00,7.02687
2021-11-07 19:44:00,7.03503
2021-11-07 20:44:00,7.05442
2021-11-07 21:44:00,7.05025
2021-11-07 22:44:00,7.06456
2021-11-07 23:44:00,7.06217
2021-11-08 00:44:00,7.07511
2021-11-08 01:44:00,7.07149
2021-11-08 02:44:00,7.07486
2021-11-08 03:44:00,7.09456
2021-11-08 04:44:00,7.09048
2021-11-08 05:44:00,7.10817
2021-11-08 06:44:00,7.09353
2021-11-08 07:44:00,7.09734
2021-11-08 08:44:00,7.09437
2021-11-08 09:44:00,7.06778
2021-11-08 10:44:00,7.09168
2021-11-08 11:44:00,7.07623
2021-11-08 12:44:00,7.05687
2021-11-08 13:44:00,7.07748
2021-11-08 14:44:00,7.06864
2021-11-08 15:44:00,7.0471
2021-11-08 16:44:00,7.01871
2021-11-08 17:44:00,7.00814
2021-11-08 18:44:00,7.01224
2021-11-08 19:44:00,7.01754
2021-11-08 20:44:00,7.02571
2021-11-08 21:44:00,7.02617
2021-11-08 22:44:00,7.03548
2021-11-08 23:44:00,7.04127
2021-11-09 00:44:00,7.038
2021-11-09 01:44:00,7.03662
2021-11-09 02:44:00,7.04069
2021-11-09 03:44:00,7.0455
2021-11-09 04:44:00,7.05876
2021-11-09 05:44:00,7.06347
2021-11-09 06:44:00,7.05362
2021-11-09 07:44:00,7.06114
2021-11-09 08:44:00,7.06751
2021-11-09 09:44:00,7.05473
2021-11-09 10:44:00,7.0658
2021-11-09 11:44:00,7.05783
2021-11-09 12:44:00,7.06208
2021-11-09 13:44:00,7.05787
