"TIME","K.kg/m^3"
2020-07-27 00:12:00,0.154
2020-07-27 00:27:00,0.155
2020-07-27 00:42:00,0.154
2020-07-27 00:57:00,0.155
2020-07-27 01:12:00,0.155
2020-07-27 01:27:00,0.155
2020-07-27 01:42:00,0.155
2020-07-27 01:57:00,0.155
2020-07-27 02:12:00,0.156
2020-07-27 02:27:00,0.156
2020-07-27 02:42:00,0.156
2020-07-27 02:57:00,0.156
2020-07-27 03:12:00,0.156
2020-07-27 03:27:00,0.156
2020-07-27 03:42:00,0.156
2020-07-27 03:57:00,0.156
2020-07-27 04:12:00,0.156
2020-07-27 04:27:00,0.156
2020-07-27 04:42:00,0.157
2020-07-27 04:57:00,0.157
2020-07-27 05:12:00,0.157
2020-07-27 05:27:00,0.157
2020-07-27 05:42:00,0.157
2020-07-27 05:57:00,0.157
2020-07-27 06:12:00,0.157
2020-07-27 06:27:00,0.157
2020-07-27 06:42:00,0.157
2020-07-27 06:57:00,0.157
2020-07-27 07:12:00,0.157
2020-07-27 07:27:00,0.157
2020-07-27 07:42:00,0.157
2020-07-27 07:57:00,0.157
2020-07-27 08:12:00,0.156
2020-07-27 08:27:00,0.156
2020-07-27 08:42:00,0.155
2020-07-27 08:57:00,0.0587
2020-07-27 09:12:00,0.155
2020-07-27 09:27:00,0.155
2020-07-27 09:42:00,0.155
2020-07-27 09:57:00,0.154
2020-07-27 10:12:00,0.154
2020-07-27 10:27:00,0.153
2020-07-27 10:42:00,0.152
2020-07-27 10:57:00,0.152
2020-07-27 11:12:00,0.151
2020-07-27 11:27:00,0.151
2020-07-27 11:42:00,0.15
2020-07-27 11:57:00,0.15
2020-07-27 12:12:00,0.149
2020-07-27 12:27:00,0.149
2020-07-27 12:42:00,0.148
2020-07-27 12:57:00,0.148
2020-07-27 13:12:00,0.148
2020-07-27 13:27:00,0.147
2020-07-27 13:42:00,0.147
2020-07-27 13:57:00,0.147
2020-07-27 14:12:00,0.146
2020-07-27 14:27:00,0.146
2020-07-27 14:42:00,0.146
2020-07-27 14:57:00,0.146
2020-07-27 15:12:00,0.146
2020-07-27 15:27:00,0.146
2020-07-27 15:42:00,0.146
2020-07-27 15:57:00,0.146
2020-07-27 16:12:00,0.146
2020-07-27 16:27:00,0.145
2020-07-27 16:42:00,0.147
2020-07-27 16:57:00,0.147
2020-07-27 17:12:00,0.147
2020-07-27 17:27:00,0.148
2020-07-27 17:42:00,0.148
2020-07-27 17:57:00,0.148
2020-07-27 18:12:00,0.148
2020-07-27 18:27:00,0.148
2020-07-27 18:42:00,0.149
2020-07-27 18:57:00,0.149
2020-07-27 19:12:00,0.149
2020-07-27 19:27:00,0.149
2020-07-27 19:42:00,0.149
2020-07-27 19:57:00,0.149
2020-07-27 20:12:00,0.15
2020-07-27 20:27:00,0.15
2020-07-27 20:42:00,0.15
2020-07-27 20:57:00,0.151
2020-07-27 21:12:00,0.151
2020-07-27 21:27:00,0.151
2020-07-27 21:42:00,0.152
2020-07-27 21:57:00,0.152
2020-07-27 22:12:00,0.152
2020-07-27 22:27:00,0.152
2020-07-27 22:42:00,0.153
2020-07-27 22:57:00,0.153
2020-07-27 23:12:00,0.153
2020-07-27 23:27:00,0.153
2020-07-27 23:42:00,0.153
2020-07-27 23:57:00,0.154
2020-07-28 00:12:00,0.154
2020-07-28 00:27:00,0.154
2020-07-28 00:42:00,0.155
2020-07-28 00:57:00,0.155
2020-07-28 01:12:00,0.155
2020-07-28 01:27:00,0.155
2020-07-28 01:42:00,0.155
2020-07-28 01:57:00,0.155
2020-07-28 02:12:00,0.155
2020-07-28 02:27:00,0.155
2020-07-28 02:42:00,0.155
2020-07-28 02:57:00,0.156
2020-07-28 03:12:00,0.155
2020-07-28 03:27:00,0.155
2020-07-28 03:42:00,0.156
2020-07-28 03:57:00,0.156
2020-07-28 04:12:00,0.156
2020-07-28 04:27:00,0.155
2020-07-28 04:42:00,0.155
2020-07-28 04:57:00,0.155
2020-07-28 05:12:00,0.155
2020-07-28 05:27:00,0.155
2020-07-28 05:42:00,0.155
2020-07-28 05:57:00,0.156
2020-07-28 06:12:00,0.156
2020-07-28 06:27:00,0.157
2020-07-28 06:42:00,0.157
2020-07-28 06:57:00,0.157
2020-07-28 07:12:00,0.157
2020-07-28 07:27:00,0.157
2020-07-28 07:42:00,0.156
2020-07-28 07:57:00,0.155
2020-07-28 08:12:00,0.155
2020-07-28 08:27:00,0.155
2020-07-28 08:42:00,0.155
2020-07-28 08:57:00,0.154
2020-07-28 09:12:00,0.153
2020-07-28 09:27:00,0.153
2020-07-28 09:42:00,0.153
2020-07-28 09:57:00,0.152
2020-07-28 10:12:00,0.152
2020-07-28 10:27:00,0.153
2020-07-28 10:42:00,0.152
2020-07-28 10:57:00,0.151
2020-07-28 11:12:00,0.151
2020-07-28 11:27:00,0.15
2020-07-28 11:42:00,0.15
2020-07-28 11:57:00,0.149
2020-07-28 12:12:00,0.148
2020-07-28 12:27:00,0.148
2020-07-28 12:42:00,0.147
2020-07-28 12:57:00,0.147
2020-07-28 13:12:00,0.147
2020-07-28 13:27:00,0.146
2020-07-28 13:42:00,0.146
2020-07-28 13:57:00,0.146
2020-07-28 14:12:00,0.146
2020-07-28 14:27:00,0.146
2020-07-28 14:42:00,0.146
2020-07-28 14:57:00,0.146
2020-07-28 15:12:00,0.146
2020-07-28 15:27:00,0.146
2020-07-28 15:42:00,0.146
2020-07-28 15:57:00,0.146
2020-07-28 16:12:00,0.146
2020-07-28 16:27:00,0.147
2020-07-28 16:42:00,0.147
2020-07-28 16:57:00,0.147
2020-07-28 17:12:00,0.147
2020-07-28 17:27:00,0.148
2020-07-28 17:42:00,0.148
2020-07-28 17:57:00,0.148
2020-07-28 18:12:00,0.148
2020-07-28 18:27:00,0.149
2020-07-28 18:42:00,0.149
2020-07-28 18:57:00,0.149
2020-07-28 19:12:00,0.149
2020-07-28 19:27:00,0.15
2020-07-28 19:42:00,0.15
2020-07-28 19:57:00,0.15
2020-07-28 20:12:00,0.151
2020-07-28 20:27:00,0.151
2020-07-28 20:42:00,0.151
2020-07-28 20:57:00,0.152
2020-07-28 21:12:00,0.152
2020-07-28 21:27:00,0.152
2020-07-28 21:42:00,0.152
2020-07-28 21:57:00,0.153
2020-07-28 22:12:00,0.153
2020-07-28 22:27:00,0.153
2020-07-28 22:42:00,0.153
2020-07-28 22:57:00,0.154
2020-07-28 23:12:00,0.154
2020-07-28 23:27:00,0.154
2020-07-28 23:42:00,0.154
2020-07-28 23:57:00,0.154
2020-07-29 00:12:00,0.155
2020-07-29 00:27:00,0.155
2020-07-29 00:42:00,0.155
2020-07-29 00:57:00,0.155
2020-07-29 01:12:00,0.155
2020-07-29 01:27:00,0.155
2020-07-29 01:42:00,0.155
2020-07-29 01:57:00,0.155
2020-07-29 02:12:00,0.156
2020-07-29 02:27:00,0.156
2020-07-29 02:42:00,0.156
2020-07-29 02:57:00,0.156
2020-07-29 03:12:00,0.156
2020-07-29 03:27:00,0.156
2020-07-29 03:42:00,0.156
2020-07-29 03:57:00,0.156
2020-07-29 04:12:00,0.156
2020-07-29 04:27:00,0.156
2020-07-29 04:42:00,0.156
2020-07-29 04:57:00,0.156
2020-07-29 05:12:00,0.156
2020-07-29 05:27:00,0.156
2020-07-29 05:42:00,0.156
2020-07-29 05:57:00,0.156
2020-07-29 06:12:00,0.157
2020-07-29 06:27:00,0.157
2020-07-29 06:42:00,0.157
2020-07-29 06:57:00,0.157
2020-07-29 07:12:00,0.157
2020-07-29 07:27:00,0.157
2020-07-29 07:42:00,0.156
2020-07-29 07:57:00,0.156
2020-07-29 08:12:00,0.156
2020-07-29 08:27:00,0.156
2020-07-29 08:42:00,0.155
2020-07-29 08:57:00,0.155
2020-07-29 09:12:00,0.155
2020-07-29 09:27:00,0.154
2020-07-29 09:42:00,0.154
2020-07-29 09:57:00,0.154
2020-07-29 10:12:00,0.153
2020-07-29 10:27:00,0.153
2020-07-29 10:42:00,0.152
2020-07-29 10:57:00,0.152
2020-07-29 11:12:00,0.151
2020-07-29 11:27:00,0.151
2020-07-29 11:42:00,0.15
2020-07-29 11:57:00,0.149
2020-07-29 12:12:00,0.149
2020-07-29 12:27:00,0.148
2020-07-29 12:42:00,0.148
2020-07-29 12:57:00,0.147
2020-07-29 13:12:00,0.147
2020-07-29 13:27:00,0.147
2020-07-29 13:42:00,0.146
2020-07-29 13:57:00,0.146
2020-07-29 14:12:00,0.146
2020-07-29 14:27:00,0.146
2020-07-29 14:42:00,0.146
2020-07-29 14:57:00,0.146
2020-07-29 15:12:00,0.146
2020-07-29 15:27:00,0.146
2020-07-29 15:42:00,0.146
2020-07-29 15:57:00,0.146
2020-07-29 16:12:00,0.146
2020-07-29 16:27:00,0.147
2020-07-29 16:42:00,0.147
2020-07-29 16:57:00,0.147
2020-07-29 17:12:00,0.147
2020-07-29 17:27:00,0.148
2020-07-29 17:42:00,0.148
2020-07-29 17:57:00,0.148
2020-07-29 18:12:00,0.148
2020-07-29 18:27:00,0.149
2020-07-29 18:42:00,0.149
2020-07-29 18:57:00,0.149
2020-07-29 19:12:00,0.149
2020-07-29 19:27:00,0.15
2020-07-29 19:42:00,0.15
2020-07-29 19:57:00,0.15
2020-07-29 20:12:00,0.151
2020-07-29 20:27:00,0.151
2020-07-29 20:42:00,0.151
2020-07-29 20:57:00,0.151
2020-07-29 21:12:00,0.152
2020-07-29 21:27:00,0.152
2020-07-29 21:42:00,0.153
2020-07-29 21:57:00,0.153
2020-07-29 22:12:00,0.153
2020-07-29 22:27:00,0.153
2020-07-29 22:42:00,0.153
2020-07-29 22:57:00,0.153
2020-07-29 23:12:00,0.154
2020-07-29 23:27:00,0.154
2020-07-29 23:42:00,0.154
2020-07-29 23:57:00,0.154
2020-07-30 00:12:00,0.155
2020-07-30 00:27:00,0.155
2020-07-30 00:42:00,0.155
2020-07-30 00:57:00,0.155
2020-07-30 01:12:00,0.155
2020-07-30 01:27:00,0.156
2020-07-30 01:42:00,0.156
2020-07-30 01:57:00,0.156
2020-07-30 02:12:00,0.156
2020-07-30 02:27:00,0.156
2020-07-30 02:42:00,0.156
2020-07-30 02:57:00,0.156
2020-07-30 03:12:00,0.156
2020-07-30 03:27:00,0.157
2020-07-30 03:42:00,0.157
2020-07-30 03:57:00,0.156
2020-07-30 04:12:00,0.157
2020-07-30 04:27:00,0.157
2020-07-30 04:42:00,0.157
2020-07-30 04:57:00,0.157
2020-07-30 05:12:00,0.157
2020-07-30 05:27:00,0.157
2020-07-30 05:42:00,0.157
2020-07-30 05:57:00,0.157
2020-07-30 06:12:00,0.157
2020-07-30 06:27:00,0.157
2020-07-30 06:42:00,0.157
2020-07-30 06:57:00,0.157
2020-07-30 07:12:00,0.157
2020-07-30 07:27:00,0.157
2020-07-30 07:42:00,0.157
2020-07-30 07:57:00,0.157
2020-07-30 08:12:00,0.156
2020-07-30 08:27:00,0.156
2020-07-30 08:42:00,0.156
2020-07-30 08:57:00,0.155
2020-07-30 09:12:00,0.155
2020-07-30 09:27:00,0.155
2020-07-30 09:42:00,0.154
2020-07-30 09:57:00,0.154
2020-07-30 10:12:00,0.153
2020-07-30 10:30:00,0.152
2020-07-30 11:30:00,0.15
2020-07-30 12:30:00,0.148
2020-07-30 13:30:00,0.146
2020-07-30 14:30:00,0.145
2020-07-30 15:30:00,0.145
2020-07-30 16:30:00,0.146
2020-07-30 17:30:00,0.147
2020-07-30 18:30:00,0.148
2020-07-30 19:30:00,0.149
2020-07-30 20:30:00,0.15
2020-07-30 21:30:00,0.151
2020-07-30 22:30:00,0.152
2020-07-30 23:30:00,0.153
2020-07-31 00:30:00,0.154
2020-07-31 01:30:00,0.154
2020-07-31 02:30:00,0.154
2020-07-31 03:30:00,0.155
2020-07-31 04:30:00,0.155
2020-07-31 05:30:00,0.155
2020-07-31 06:30:00,0.155
2020-07-31 07:30:00,0.156
2020-07-31 08:30:00,0.155
2020-07-31 09:30:00,0.153
2020-07-31 10:30:00,0.151
2020-07-31 11:30:00,0.149
2020-07-31 12:30:00,0.146
2020-07-31 13:30:00,0.144
2020-07-31 15:28:00,0.143
2020-07-31 16:28:00,0.144
2020-07-31 17:28:00,0.145
2020-07-31 18:28:00,0.146
2020-07-31 19:28:00,0.147
2020-07-31 20:28:00,0.148
2020-07-31 21:28:00,0.149
2020-07-31 22:28:00,0.15
2020-07-31 23:28:00,0.151
2020-08-01 00:28:00,0.151
2020-08-01 01:28:00,0.152
2020-08-01 02:28:00,0.152
2020-08-01 03:28:00,0.153
2020-08-01 04:28:00,0.153
2020-08-01 05:28:00,0.154
2020-08-01 06:28:00,0.154
2020-08-01 07:28:00,0.154
2020-08-01 08:28:00,0.154
2020-08-01 09:28:00,0.152
2020-08-01 10:28:00,0.15
2020-08-01 11:28:00,0.148
2020-08-01 12:28:00,0.145
2020-08-01 13:28:00,0.144
2020-08-01 14:28:00,0.142
2020-08-01 15:28:00,0.142
2020-08-01 16:28:00,0.142
2020-08-01 17:28:00,0.143
2020-08-01 18:28:00,0.144
2020-08-01 19:28:00,0.145
2020-08-01 20:28:00,0.146
2020-08-01 21:28:00,0.147
2020-08-01 22:28:00,0.148
2020-08-01 23:28:00,0.149
2020-08-02 00:28:00,0.15
2020-08-02 01:28:00,0.15
2020-08-02 02:28:00,0.151
2020-08-02 03:28:00,0.151
2020-08-02 04:28:00,0.151
2020-08-02 05:28:00,0.152
2020-08-02 06:28:00,0.152
2020-08-02 07:28:00,0.153
2020-08-02 08:28:00,0.152
2020-08-02 09:28:00,0.15
2020-08-02 10:28:00,0.149
2020-08-02 11:28:00,0.146
2020-08-02 12:28:00,0.143
2020-08-02 13:28:00,0.141
2020-08-02 14:28:00,0.14
2020-08-02 15:28:00,0.14
2020-08-02 16:28:00,0.14
2020-08-02 17:28:00,0.141
2020-08-02 18:28:00,0.142
2020-08-02 19:28:00,0.143
2020-08-02 20:28:00,0.144
2020-08-02 21:28:00,0.145
2020-08-02 22:28:00,0.145
2020-08-02 23:28:00,0.146
2020-08-03 00:28:00,0.147
2020-08-03 01:28:00,0.147
2020-08-03 02:28:00,0.148
2020-08-03 03:28:00,0.148
2020-08-03 04:28:00,0.148
2020-08-03 05:28:00,0.148
2020-08-03 06:28:00,0.149
2020-08-03 07:28:00,0.148
2020-08-03 08:28:00,0.148
2020-08-03 09:28:00,0.146
2020-08-03 10:28:00,0.145
2020-08-03 11:28:00,0.143
2020-08-03 12:28:00,0.141
2020-08-03 13:28:00,0.14
2020-08-03 14:28:00,0.139
2020-08-03 15:28:00,0.139
2020-08-03 16:28:00,0.14
2020-08-03 17:28:00,0.141
2020-08-03 18:28:00,0.142
2020-08-03 19:28:00,0.143
2020-08-03 20:28:00,0.144
2020-08-03 21:28:00,0.146
2020-08-03 22:28:00,0.147
2020-08-03 23:28:00,0.148
2020-08-04 00:28:00,0.149
2020-08-04 01:28:00,0.15
2020-08-04 02:28:00,0.15
2020-08-04 03:28:00,0.15
2020-08-04 04:28:00,0.15
2020-08-04 05:28:00,0.151
2020-08-04 06:28:00,0.151
2020-08-04 07:28:00,0.151
2020-08-04 08:28:00,0.151
2020-08-04 09:28:00,0.149
2020-08-04 10:28:00,0.148
2020-08-04 11:28:00,0.146
2020-08-04 12:28:00,0.144
2020-08-04 13:28:00,0.142
2020-08-04 14:28:00,0.141
2020-08-04 15:28:00,0.141
2020-08-04 16:28:00,0.141
2020-08-04 17:28:00,0.142
2020-08-04 18:28:00,0.143
2020-08-04 19:28:00,0.144
2020-08-04 20:28:00,0.146
2020-08-04 21:28:00,0.147
2020-08-04 22:28:00,0.148
2020-08-04 23:28:00,0.149
2020-08-05 00:28:00,0.149
2020-08-05 01:28:00,0.15
2020-08-05 02:28:00,0.15
2020-08-05 03:28:00,0.15
2020-08-05 04:28:00,0.151
2020-08-05 05:28:00,0.151
2020-08-05 06:28:00,0.151
2020-08-05 07:28:00,0.151
2020-08-05 08:28:00,0.15
2020-08-05 09:28:00,0.149
2020-08-05 10:28:00,0.147
2020-08-05 11:28:00,0.145
2020-08-05 12:28:00,0.143
2020-08-05 13:28:00,0.142
2020-08-05 14:28:00,0.14
2020-08-05 15:28:00,0.139
2020-08-05 16:28:00,0.139
2020-08-05 17:28:00,0.14
2020-08-05 18:28:00,0.141
2020-08-05 19:28:00,0.142
2020-08-05 20:28:00,0.143
2020-08-05 21:28:00,0.144
2020-08-05 22:28:00,0.145
2020-08-05 23:28:00,0.146
2020-08-06 00:28:00,0.147
2020-08-06 01:28:00,0.147
2020-08-06 02:28:00,0.148
2020-08-06 03:28:00,0.148
2020-08-06 04:28:00,0.149
2020-08-06 05:28:00,0.149
2020-08-06 06:28:00,0.149
2020-08-06 07:28:00,0.149
2020-08-06 08:28:00,0.148
2020-08-06 09:28:00,0.147
2020-08-06 10:28:00,0.145
2020-08-06 11:28:00,0.143
2020-08-06 12:28:00,0.14
2020-08-06 13:28:00,0.139
2020-08-06 14:28:00,0.139
2020-08-06 15:28:00,0.139
2020-08-06 16:28:00,0.139
2020-08-06 17:28:00,0.139
2020-08-06 18:28:00,0.14
2020-08-06 19:28:00,0.141
2020-08-06 20:28:00,0.141
2020-08-06 21:28:00,0.142
2020-08-06 22:28:00,0.143
2020-08-06 23:28:00,0.144
2020-08-07 00:28:00,0.145
2020-08-07 01:28:00,0.145
2020-08-07 02:28:00,0.146
2020-08-07 03:28:00,0.146
2020-08-07 04:28:00,0.146
2020-08-07 05:28:00,0.147
2020-08-07 06:28:00,0.147
2020-08-07 07:28:00,0.147
2020-08-07 08:28:00,0.146
2020-08-07 09:28:00,0.145
2020-08-07 10:28:00,0.143
2020-08-07 11:28:00,0.14
2020-08-07 12:28:00,0.138
2020-08-07 13:28:00,0.137
2020-08-07 14:28:00,0.136
2020-08-07 15:28:00,0.136
2020-08-07 16:28:00,0.136
2020-08-07 17:28:00,0.136
2020-08-07 18:28:00,0.138
2020-08-07 19:28:00,0.138
2020-08-07 20:28:00,0.139
2020-08-07 21:28:00,0.14
2020-08-07 22:28:00,0.142
2020-08-07 23:28:00,0.142
2020-08-08 00:28:00,0.144
2020-08-08 01:28:00,0.144
2020-08-08 02:28:00,0.145
2020-08-08 03:28:00,0.145
2020-08-08 04:28:00,0.146
2020-08-08 05:28:00,0.146
2020-08-08 06:28:00,0.146
2020-08-08 07:28:00,0.146
2020-08-08 08:28:00,0.145
2020-08-08 09:28:00,0.144
2020-08-08 10:28:00,0.142
2020-08-08 11:28:00,0.139
2020-08-08 12:28:00,0.137
2020-08-08 13:28:00,0.135
2020-08-08 14:28:00,0.134
2020-08-08 15:28:00,0.135
2020-08-08 16:28:00,0.135
2020-08-08 17:28:00,0.136
2020-08-08 18:28:00,0.137
2020-08-08 19:28:00,0.138
2020-08-08 20:28:00,0.139
2020-08-08 21:28:00,0.14
2020-08-08 22:28:00,0.141
2020-08-08 23:28:00,0.142
2020-08-09 00:28:00,0.143
2020-08-09 01:28:00,0.143
2020-08-09 02:28:00,0.144
2020-08-09 03:28:00,0.144
2020-08-09 04:28:00,0.144
2020-08-09 05:28:00,0.144
2020-08-09 06:28:00,0.145
2020-08-09 07:28:00,0.144
2020-08-09 08:28:00,0.144
2020-08-09 09:28:00,0.142
2020-08-09 10:28:00,0.141
2020-08-09 11:28:00,0.138
2020-08-09 12:28:00,0.136
2020-08-09 13:28:00,0.134
2020-08-09 14:28:00,0.133
2020-08-09 15:28:00,0.133
2020-08-09 16:28:00,0.133
2020-08-09 17:28:00,0.134
2020-08-09 18:28:00,0.135
2020-08-09 19:28:00,0.136
2020-08-09 20:28:00,0.137
2020-08-09 21:28:00,0.138
2020-08-09 22:28:00,0.139
2020-08-09 23:28:00,0.14
2020-08-10 00:28:00,0.141
2020-08-10 01:28:00,0.141
2020-08-10 02:28:00,0.142
2020-08-10 03:28:00,0.142
2020-08-10 04:28:00,0.143
2020-08-10 05:28:00,0.143
2020-08-10 06:28:00,0.143
2020-08-10 07:28:00,0.143
2020-08-10 08:28:00,0.143
2020-08-10 09:28:00,0.141
2020-08-10 10:28:00,0.14
2020-08-10 11:28:00,0.136
2020-08-10 12:28:00,0.135
2020-08-10 13:28:00,0.133
2020-08-10 14:28:00,0.132
2020-08-10 15:28:00,0.131
2020-08-10 16:28:00,0.132
2020-08-10 17:28:00,0.133
2020-08-10 18:28:00,0.134
2020-08-10 19:28:00,0.135
2020-08-10 20:28:00,0.136
2020-08-10 21:28:00,0.137
2020-08-10 22:28:00,0.138
2020-08-10 23:28:00,0.139
2020-08-11 00:28:00,0.139
2020-08-11 01:28:00,0.14
2020-08-11 02:28:00,0.14
2020-08-11 03:28:00,0.141
2020-08-11 04:28:00,0.141
2020-08-11 05:28:00,0.141
2020-08-11 06:28:00,0.141
2020-08-11 07:28:00,0.141
2020-08-11 08:28:00,0.14
2020-08-11 09:28:00,0.139
2020-08-11 10:28:00,0.136
2020-08-11 11:28:00,0.134
2020-08-11 12:28:00,0.132
2020-08-11 13:28:00,0.13
2020-08-11 14:28:00,0.13
2020-08-11 15:28:00,0.13
2020-08-11 16:28:00,0.131
2020-08-11 17:28:00,0.132
2020-08-11 18:28:00,0.133
2020-08-11 19:28:00,0.134
2020-08-11 20:28:00,0.135
2020-08-11 21:28:00,0.136
2020-08-11 22:28:00,0.137
2020-08-11 23:28:00,0.138
2020-08-12 00:28:00,0.138
2020-08-12 01:28:00,0.139
2020-08-12 02:28:00,0.139
2020-08-12 03:28:00,0.14
2020-08-12 04:28:00,0.14
2020-08-12 05:28:00,0.141
2020-08-12 06:28:00,0.141
2020-08-12 07:28:00,0.141
2020-08-12 08:28:00,0.14
2020-08-12 09:28:00,0.139
2020-08-12 10:28:00,0.137
2020-08-12 11:28:00,0.135
2020-08-12 12:28:00,0.133
2020-08-12 13:28:00,0.131
2020-08-12 14:28:00,0.13
2020-08-12 15:28:00,0.13
2020-08-12 16:28:00,0.13
2020-08-12 17:28:00,0.131
2020-08-12 18:28:00,0.132
2020-08-12 19:28:00,0.133
2020-08-12 20:28:00,0.134
2020-08-12 21:28:00,0.135
2020-08-12 22:28:00,0.136
2020-08-12 23:28:00,0.137
2020-08-13 00:28:00,0.138
2020-08-13 01:28:00,0.139
2020-08-13 02:28:00,0.139
2020-08-13 03:28:00,0.139
2020-08-13 04:28:00,0.14
2020-08-13 05:28:00,0.14
2020-08-13 06:28:00,0.14
2020-08-13 07:28:00,0.14
2020-08-13 08:28:00,0.14
2020-08-13 09:28:00,0.137
2020-08-13 10:28:00,0.137
2020-08-13 11:28:00,0.135
2020-08-13 12:28:00,0.132
2020-08-13 13:28:00,0.13
2020-08-13 14:28:00,0.129
2020-08-13 15:28:00,0.129
2020-08-13 16:28:00,0.129
2020-08-13 17:28:00,0.13
2020-08-13 18:28:00,0.131
2020-08-13 19:28:00,0.132
2020-08-13 20:28:00,0.133
2020-08-13 21:28:00,0.134
2020-08-13 22:28:00,0.135
2020-08-13 23:28:00,0.136
2020-08-14 00:28:00,0.136
2020-08-14 01:28:00,0.137
2020-08-14 02:28:00,0.138
2020-08-14 03:28:00,0.138
2020-08-14 04:28:00,0.139
2020-08-14 05:28:00,0.139
2020-08-14 06:28:00,0.139
2020-08-14 07:28:00,0.139
2020-08-14 08:28:00,0.139
2020-08-14 09:28:00,0.135
2020-08-14 10:28:00,0.136
2020-08-14 11:28:00,0.134
2020-08-14 12:28:00,0.131
2020-08-14 13:28:00,0.129
2020-08-14 14:28:00,0.127
2020-08-14 15:28:00,0.127
2020-08-14 16:28:00,0.128
2020-08-14 17:28:00,0.129
2020-08-14 18:28:00,0.13
2020-08-14 19:28:00,0.13
2020-08-14 20:28:00,0.131
2020-08-14 21:28:00,0.131
2020-08-14 22:28:00,0.132
2020-08-14 23:28:00,0.133
2020-08-15 00:28:00,0.134
2020-08-15 01:28:00,0.135
2020-08-15 02:28:00,0.135
2020-08-15 03:28:00,0.136
2020-08-15 04:28:00,0.136
2020-08-15 05:28:00,0.136
2020-08-15 06:28:00,0.137
2020-08-15 07:28:00,0.137
2020-08-15 08:28:00,0.136
2020-08-15 09:28:00,0.133
2020-08-15 10:28:00,0.133
2020-08-15 11:28:00,0.131
2020-08-15 12:28:00,0.129
2020-08-15 13:28:00,0.127
2020-08-15 14:28:00,0.126
2020-08-15 15:28:00,0.125
2020-08-15 16:28:00,0.126
2020-08-15 17:28:00,0.128
2020-08-15 18:28:00,0.128
2020-08-15 19:28:00,0.129
2020-08-15 20:28:00,0.131
2020-08-15 21:28:00,0.132
2020-08-15 22:28:00,0.133
2020-08-15 23:28:00,0.133
2020-08-16 00:28:00,0.134
2020-08-16 01:28:00,0.135
2020-08-16 02:28:00,0.135
2020-08-16 03:28:00,0.135
2020-08-16 04:28:00,0.136
2020-08-16 05:28:00,0.136
2020-08-16 06:28:00,0.136
2020-08-16 07:28:00,0.136
2020-08-16 08:28:00,0.136
2020-08-16 09:28:00,0.134
2020-08-16 10:28:00,0.133
2020-08-16 11:28:00,0.131
2020-08-16 12:28:00,0.129
2020-08-16 13:28:00,0.127
2020-08-16 14:28:00,0.125
2020-08-16 15:28:00,0.125
2020-08-16 16:28:00,0.126
2020-08-16 17:28:00,0.127
2020-08-16 18:28:00,0.127
2020-08-16 19:28:00,0.128
2020-08-16 20:28:00,0.129
2020-08-16 21:28:00,0.13
2020-08-16 22:28:00,0.131
2020-08-16 23:28:00,0.131
2020-08-17 00:28:00,0.132
2020-08-17 01:28:00,0.132
2020-08-17 02:28:00,0.133
2020-08-17 03:28:00,0.133
2020-08-17 04:28:00,0.133
2020-08-17 05:28:00,0.133
2020-08-17 06:28:00,0.133
2020-08-17 07:28:00,0.133
2020-08-17 08:28:00,0.133
2020-08-17 09:28:00,0.132
2020-08-17 10:28:00,0.131
2020-08-17 11:28:00,0.127
2020-08-17 12:28:00,0.125
2020-08-17 13:28:00,0.124
2020-08-17 14:28:00,0.123
2020-08-17 15:28:00,0.124
2020-08-17 16:28:00,0.125
2020-08-17 17:28:00,0.126
2020-08-17 18:28:00,0.126
2020-08-17 19:28:00,0.127
2020-08-17 20:28:00,0.128
2020-08-17 21:28:00,0.129
2020-08-17 22:28:00,0.13
2020-08-17 23:28:00,0.131
2020-08-18 00:28:00,0.131
2020-08-18 01:28:00,0.132
2020-08-18 02:28:00,0.132
2020-08-18 03:28:00,0.133
2020-08-18 04:28:00,0.133
2020-08-18 05:28:00,0.134
2020-08-18 06:28:00,0.134
2020-08-18 07:28:00,0.134
2020-08-18 08:28:00,0.133
2020-08-18 09:28:00,0.132
2020-08-18 10:28:00,0.131
2020-08-18 11:28:00,0.129
2020-08-18 12:28:00,0.128
2020-08-18 13:28:00,0.126
2020-08-18 14:28:00,0.124
2020-08-18 15:28:00,0.123
2020-08-18 16:28:00,0.123
2020-08-18 17:28:00,0.124
2020-08-18 18:28:00,0.125
2020-08-18 19:28:00,0.126
2020-08-18 20:28:00,0.127
2020-08-18 21:28:00,0.128
2020-08-18 22:28:00,0.128
2020-08-18 23:28:00,0.129
2020-08-19 00:28:00,0.13
2020-08-19 01:28:00,0.13
2020-08-19 02:28:00,0.131
2020-08-19 03:28:00,0.131
2020-08-19 04:28:00,0.131
2020-08-19 05:28:00,0.132
2020-08-19 06:28:00,0.132
2020-08-19 07:28:00,0.132
2020-08-19 08:28:00,0.132
2020-08-19 09:28:00,0.13
2020-08-19 10:28:00,0.128
2020-08-19 11:28:00,0.126
2020-08-19 12:28:00,0.124
2020-08-19 13:28:00,0.122
2020-08-19 14:28:00,0.122
2020-08-19 15:28:00,0.122
2020-08-19 16:28:00,0.123
2020-08-19 17:28:00,0.124
2020-08-19 18:28:00,0.125
2020-08-19 19:28:00,0.125
2020-08-19 20:28:00,0.126
2020-08-19 21:28:00,0.127
2020-08-19 22:28:00,0.127
2020-08-19 23:28:00,0.128
2020-08-20 00:28:00,0.128
2020-08-20 01:28:00,0.129
2020-08-20 02:28:00,0.129
2020-08-20 03:28:00,0.129
2020-08-20 04:28:00,0.129
2020-08-20 05:28:00,0.13
2020-08-20 06:28:00,0.13
2020-08-20 07:28:00,0.13
2020-08-20 08:28:00,0.13
2020-08-20 09:28:00,0.128
2020-08-20 10:28:00,0.127
2020-08-20 11:28:00,0.125
2020-08-20 12:28:00,0.122
2020-08-20 13:28:00,0.121
2020-08-20 14:28:00,0.12
2020-08-20 15:28:00,0.121
2020-08-20 16:28:00,0.122
2020-08-20 17:28:00,0.122
2020-08-20 18:28:00,0.123
2020-08-20 19:28:00,0.124
2020-08-20 20:28:00,0.125
2020-08-20 21:28:00,0.126
2020-08-20 22:28:00,0.127
2020-08-20 23:28:00,0.127
2020-08-21 00:28:00,0.128
2020-08-21 01:28:00,0.128
2020-08-21 02:28:00,0.129
2020-08-21 03:28:00,0.129
2020-08-21 04:28:00,0.129
2020-08-21 05:28:00,0.129
2020-08-21 06:28:00,0.13
2020-08-21 07:28:00,0.13
2020-08-21 08:28:00,0.129
2020-08-21 09:28:00,0.128
2020-08-21 10:28:00,0.126
2020-08-21 11:28:00,0.123
2020-08-21 12:28:00,0.121
2020-08-21 13:28:00,0.12
2020-08-21 14:28:00,0.119
2020-08-21 15:28:00,0.119
2020-08-21 16:28:00,0.12
2020-08-21 17:28:00,0.121
2020-08-21 18:28:00,0.122
2020-08-21 19:28:00,0.123
2020-08-21 20:28:00,0.123
2020-08-21 21:28:00,0.124
2020-08-21 22:28:00,0.125
2020-08-21 23:28:00,0.125
2020-08-22 00:28:00,0.126
2020-08-22 01:28:00,0.127
2020-08-22 02:28:00,0.127
2020-08-22 03:28:00,0.127
2020-08-22 04:28:00,0.127
2020-08-22 05:28:00,0.127
2020-08-22 06:28:00,0.127
2020-08-22 07:28:00,0.127
2020-08-22 08:28:00,0.127
2020-08-22 09:28:00,0.125
2020-08-22 10:28:00,0.124
2020-08-22 11:28:00,0.122
2020-08-22 12:28:00,0.119
2020-08-22 13:28:00,0.118
2020-08-22 14:28:00,0.117
2020-08-22 15:28:00,0.118
2020-08-22 16:28:00,0.119
2020-08-22 17:28:00,0.119
2020-08-22 18:28:00,0.12
2020-08-22 19:28:00,0.121
2020-08-22 20:28:00,0.122
2020-08-22 21:28:00,0.122
2020-08-22 22:28:00,0.123
2020-08-22 23:28:00,0.123
2020-08-23 00:28:00,0.124
2020-08-23 01:28:00,0.124
2020-08-23 02:28:00,0.125
2020-08-23 03:28:00,0.125
2020-08-23 04:28:00,0.125
2020-08-23 05:28:00,0.126
2020-08-23 06:28:00,0.126
2020-08-23 07:28:00,0.126
2020-08-23 08:28:00,0.125
2020-08-23 09:28:00,0.124
2020-08-23 10:28:00,0.123
2020-08-23 11:28:00,0.12
2020-08-23 12:28:00,0.118
2020-08-23 13:28:00,0.117
2020-08-23 14:28:00,0.117
2020-08-23 15:28:00,0.118
2020-08-23 16:28:00,0.118
2020-08-23 17:28:00,0.119
2020-08-23 18:28:00,0.12
2020-08-23 19:28:00,0.121
2020-08-23 20:28:00,0.121
2020-08-23 21:28:00,0.122
2020-08-23 22:28:00,0.123
2020-08-23 23:28:00,0.123
2020-08-24 00:28:00,0.124
2020-08-24 01:28:00,0.124
2020-08-24 02:28:00,0.125
2020-08-24 03:28:00,0.125
2020-08-24 04:28:00,0.125
2020-08-24 05:28:00,0.125
2020-08-24 06:28:00,0.126
2020-08-24 07:28:00,0.125
2020-08-24 08:28:00,0.125
2020-08-24 09:28:00,0.124
2020-08-24 10:28:00,0.122
2020-08-24 11:28:00,0.121
2020-08-24 12:28:00,0.119
2020-08-24 13:28:00,0.117
2020-08-24 14:28:00,0.117
2020-08-24 15:28:00,0.118
2020-08-24 16:28:00,0.118
2020-08-24 17:28:00,0.119
2020-08-24 18:28:00,0.121
2020-08-24 19:28:00,0.121
2020-08-24 20:28:00,0.122
2020-08-24 21:28:00,0.123
2020-08-24 22:28:00,0.124
2020-08-24 23:28:00,0.124
2020-08-25 00:28:00,0.125
2020-08-25 01:28:00,0.126
2020-08-25 02:28:00,0.126
2020-08-25 03:28:00,0.127
2020-08-25 04:28:00,0.127
2020-08-25 05:28:00,0.128
2020-08-25 06:28:00,0.128
2020-08-25 07:28:00,0.128
2020-08-25 08:28:00,0.128
2020-08-25 09:28:00,0.127
2020-08-25 10:28:00,0.126
2020-08-25 11:28:00,0.124
2020-08-25 12:28:00,0.122
2020-08-25 13:28:00,0.12
2020-08-25 14:28:00,0.12
2020-08-25 15:28:00,0.121
2020-08-25 16:28:00,0.122
2020-08-25 17:28:00,0.123
2020-08-25 18:28:00,0.123
2020-08-25 19:28:00,0.124
2020-08-25 20:28:00,0.125
2020-08-25 21:28:00,0.125
2020-08-25 22:28:00,0.126
2020-08-25 23:28:00,0.126
2020-08-26 00:28:00,0.127
2020-08-26 01:28:00,0.127
2020-08-26 02:28:00,0.127
2020-08-26 03:28:00,0.127
2020-08-26 04:28:00,0.127
2020-08-26 05:28:00,0.127
2020-08-26 06:28:00,0.128
2020-08-26 07:28:00,0.127
2020-08-26 08:28:00,0.127
2020-08-26 09:28:00,0.126
2020-08-26 10:28:00,0.124
2020-08-26 11:28:00,0.123
2020-08-26 13:41:00,0.12
2020-08-26 14:41:00,0.12
2020-08-26 15:41:00,0.121
2020-08-26 16:41:00,0.122
2020-08-26 17:41:00,0.119
2020-08-26 18:41:00,0.123
2020-08-26 19:41:00,0.123
2020-08-26 20:41:00,0.124
2020-08-26 21:41:00,0.124
2020-08-26 22:41:00,0.124
2020-08-26 23:41:00,0.125
2020-08-27 00:41:00,0.125
2020-08-27 01:41:00,0.125
2020-08-27 02:41:00,0.125
2020-08-27 03:41:00,0.125
2020-08-27 04:41:00,0.125
2020-08-27 05:41:00,0.125
2020-08-27 06:41:00,0.125
2020-08-27 07:41:00,0.124
2020-08-27 08:41:00,0.124
2020-08-27 09:41:00,0.124
2020-08-27 10:41:00,0.122
2020-08-27 11:41:00,0.12
2020-08-27 12:41:00,0.119
2020-08-27 13:41:00,0.119
2020-08-27 14:41:00,0.119
2020-08-27 15:41:00,0.12
2020-08-27 16:41:00,0.121
2020-08-27 17:41:00,0.121
2020-08-27 18:41:00,0.122
2020-08-27 19:41:00,0.122
2020-08-27 20:41:00,0.123
2020-08-27 21:41:00,0.123
2020-08-27 22:41:00,0.123
2020-08-27 23:41:00,0.124
2020-08-28 00:41:00,0.124
2020-08-28 01:41:00,0.124
2020-08-28 02:41:00,0.124
2020-08-28 03:41:00,0.124
2020-08-28 04:41:00,0.124
2020-08-28 05:41:00,0.124
2020-08-28 06:41:00,0.124
2020-08-28 07:41:00,0.123
2020-08-28 08:41:00,0.123
2020-08-28 09:41:00,0.122
2020-08-28 10:41:00,0.121
2020-08-28 11:41:00,0.12
2020-08-28 12:41:00,0.118
2020-08-28 13:41:00,0.117
2020-08-28 14:41:00,0.117
2020-08-28 15:41:00,0.117
2020-08-28 16:41:00,0.117
2020-08-28 17:41:00,0.118
2020-08-28 18:41:00,0.119
2020-08-28 19:41:00,0.12
2020-08-28 20:41:00,0.12
2020-08-28 21:41:00,0.121
2020-08-28 22:41:00,0.121
2020-08-28 23:41:00,0.121
2020-08-29 00:41:00,0.122
2020-08-29 01:41:00,0.122
2020-08-29 02:41:00,0.122
2020-08-29 03:41:00,0.121
2020-08-29 04:41:00,0.121
2020-08-29 05:41:00,0.121
2020-08-29 06:41:00,0.121
2020-08-29 07:41:00,0.121
2020-08-29 08:41:00,0.12
2020-08-29 09:41:00,0.12
2020-08-29 10:41:00,0.12
2020-08-29 11:41:00,0.119
2020-08-29 12:41:00,0.118
2020-08-29 13:41:00,0.118
2020-08-29 14:41:00,0.118
2020-08-29 15:41:00,0.117
2020-08-29 16:41:00,0.117
2020-08-29 17:41:00,0.117
2020-08-29 18:41:00,0.118
2020-08-29 19:41:00,0.118
2020-08-29 20:41:00,0.118
2020-08-29 21:41:00,0.119
2020-08-29 22:41:00,0.119
2020-08-29 23:41:00,0.119
2020-08-30 00:41:00,0.119
2020-08-30 01:41:00,0.119
2020-08-30 02:41:00,0.119
2020-08-30 03:41:00,0.119
2020-08-30 05:58:00,0.118
2020-08-30 06:58:00,0.118
2020-08-30 07:58:00,0.118
2020-08-30 08:58:00,0.118
2020-08-30 09:58:00,0.117
2020-08-30 10:58:00,0.116
2020-08-30 11:58:00,0.115
2020-08-30 12:58:00,0.113
2020-08-30 13:58:00,0.114
2020-08-30 14:58:00,0.115
2020-08-30 15:58:00,0.115
2020-08-30 16:58:00,0.116
2020-08-30 17:58:00,0.116
2020-08-30 18:58:00,0.117
2020-08-30 19:58:00,0.118
2020-08-30 20:58:00,0.118
2020-08-30 21:58:00,0.118
2020-08-30 22:58:00,0.119
2020-08-30 23:58:00,0.119
2020-08-31 00:58:00,0.119
2020-08-31 01:58:00,0.119
2020-08-31 02:58:00,0.119
2020-08-31 03:58:00,0.119
2020-08-31 04:58:00,0.12
2020-08-31 05:58:00,0.12
2020-08-31 06:58:00,0.12
2020-08-31 07:58:00,0.12
2020-08-31 08:58:00,0.119
2020-08-31 09:58:00,0.119
2020-08-31 10:58:00,0.119
2020-08-31 11:58:00,0.118
2020-08-31 12:58:00,0.118
2020-08-31 13:58:00,0.118
2020-08-31 14:58:00,0.117
2020-08-31 15:58:00,0.117
2020-08-31 16:58:00,0.116
2020-08-31 17:58:00,0.116
2020-08-31 18:58:00,0.116
2020-08-31 19:58:00,0.116
2020-08-31 20:58:00,0.116
2020-08-31 21:58:00,0.117
2020-08-31 22:58:00,0.117
2020-08-31 23:58:00,0.117
2020-09-01 02:00:00,0.117
2020-09-01 03:00:00,0.118
2020-09-01 04:00:00,0.118
2020-09-01 05:00:00,0.117
2020-09-01 06:00:00,0.118
2020-09-01 07:00:00,0.118
2020-09-01 08:00:00,0.118
2020-09-01 09:00:00,0.117
2020-09-01 10:00:00,0.115
2020-09-01 11:00:00,0.114
2020-09-01 12:00:00,0.112
2020-09-01 13:00:00,0.111
2020-09-01 14:00:00,0.112
2020-09-01 15:00:00,0.113
2020-09-01 16:00:00,0.113
2020-09-01 17:00:00,0.114
2020-09-01 18:00:00,0.115
2020-09-01 19:00:00,0.115
2020-09-01 20:00:00,0.116
2020-09-01 21:00:00,0.116
2020-09-01 22:00:00,0.117
2020-09-01 23:00:00,0.117
2020-09-02 00:00:00,0.117
2020-09-02 01:00:00,0.117
2020-09-02 02:00:00,0.117
2020-09-02 03:00:00,0.117
2020-09-02 04:00:00,0.117
2020-09-02 05:00:00,0.118
2020-09-02 06:00:00,0.118
2020-09-02 07:00:00,0.118
2020-09-02 08:00:00,0.117
2020-09-02 09:00:00,0.117
2020-09-02 10:00:00,0.386
2020-09-02 11:00:00,0.39
2020-09-02 12:00:00,0.394
2020-09-02 13:00:00,0.398
2020-09-02 14:00:00,0.401
2020-09-02 15:00:00,0.403
2020-09-02 16:00:00,0.406
2020-09-02 17:00:00,0.408
2020-09-02 18:00:00,0.411
2020-09-02 19:00:00,0.413
2020-09-02 20:00:00,0.417
2020-09-02 21:00:00,0.418
2020-09-02 22:00:00,0.42
2020-09-02 23:00:00,0.421
2020-09-03 00:00:00,0.423
2020-09-03 01:00:00,0.425
2020-09-03 02:00:00,0.424
2020-09-03 03:00:00,0.427
2020-09-03 04:00:00,0.425
2020-09-03 05:00:00,0.425
2020-09-03 06:00:00,0.426
2020-09-03 07:00:00,0.426
2020-09-03 08:00:00,0.428
2020-09-03 09:00:00,0.425
2020-09-03 10:00:00,0.115
2020-09-03 11:00:00,0.114
2020-09-03 12:00:00,0.113
2020-09-03 13:00:00,0.112
2020-09-03 14:00:00,0.112
2020-09-03 15:00:00,0.112
2020-09-03 16:00:00,0.113
2020-09-03 17:00:00,0.114
2020-09-03 18:00:00,0.114
2020-09-03 19:00:00,0.115
2020-09-03 20:00:00,0.116
2020-09-03 21:00:00,0.116
2020-09-03 22:00:00,0.116
2020-09-03 23:00:00,0.116
2020-09-04 00:00:00,0.117
2020-09-04 01:00:00,0.117
2020-09-04 02:00:00,0.117
2020-09-04 03:00:00,0.117
2020-09-04 04:00:00,0.117
2020-09-04 05:00:00,0.117
2020-09-04 06:00:00,0.117
2020-09-04 07:00:00,0.118
2020-09-04 08:00:00,0.118
2020-09-04 09:00:00,0.117
2020-09-04 10:00:00,0.116
2020-09-04 11:00:00,0.114
2020-09-04 12:00:00,0.112
2020-09-04 13:00:00,0.111
2020-09-04 14:00:00,0.111
2020-09-04 15:00:00,0.111
2020-09-04 16:00:00,0.112
2020-09-04 17:00:00,0.113
2020-09-04 18:00:00,0.113
2020-09-04 19:00:00,0.114
2020-09-04 20:00:00,0.114
2020-09-04 21:00:00,0.115
2020-09-04 22:00:00,0.115
2020-09-04 23:00:00,0.115
2020-09-05 00:00:00,0.115
2020-09-05 01:00:00,0.116
2020-09-05 02:00:00,0.116
2020-09-05 03:00:00,0.116
2020-09-05 04:00:00,0.116
2020-09-05 05:00:00,0.116
2020-09-05 06:00:00,0.117
2020-09-05 07:00:00,0.117
2020-09-05 08:00:00,0.117
2020-09-05 09:00:00,0.116
2020-09-05 10:00:00,0.115
2020-09-05 11:00:00,0.113
2020-09-05 12:00:00,0.111
2020-09-05 13:00:00,0.11
2020-09-05 14:00:00,0.11
2020-09-05 15:00:00,0.111
2020-09-05 16:00:00,0.112
2020-09-05 17:00:00,0.112
2020-09-05 18:00:00,0.113
2020-09-05 19:00:00,0.113
2020-09-05 20:00:00,0.114
2020-09-05 21:00:00,0.114
2020-09-05 22:00:00,0.115
2020-09-05 23:00:00,0.115
2020-09-06 00:00:00,0.115
2020-09-06 01:00:00,0.115
2020-09-06 02:00:00,0.115
2020-09-06 03:00:00,0.115
2020-09-06 04:00:00,0.116
2020-09-06 05:00:00,0.116
2020-09-06 06:00:00,0.116
2020-09-06 07:00:00,0.116
2020-09-06 08:00:00,0.116
2020-09-06 09:00:00,0.114
2020-09-06 10:00:00,0.113
2020-09-06 11:00:00,0.112
2020-09-06 12:00:00,0.111
2020-09-06 13:00:00,0.11
2020-09-06 14:00:00,0.109
2020-09-06 15:00:00,0.109
2020-09-06 16:00:00,0.11
2020-09-06 17:00:00,0.11
2020-09-06 18:00:00,0.111
2020-09-06 19:00:00,0.111
2020-09-06 20:00:00,0.112
2020-09-06 21:00:00,0.112
2020-09-06 22:00:00,0.113
2020-09-06 23:00:00,0.113
2020-09-07 00:00:00,0.113
2020-09-07 01:00:00,0.113
2020-09-07 02:00:00,0.114
2020-09-07 03:00:00,0.114
2020-09-07 04:00:00,0.114
2020-09-07 05:00:00,0.114
2020-09-07 06:00:00,0.113
2020-09-07 07:00:00,0.114
2020-09-07 08:00:00,0.114
2020-09-07 09:00:00,0.112
2020-09-07 10:00:00,0.113
2020-09-07 11:00:00,0.111
2020-09-07 12:00:00,0.109
2020-09-07 13:00:00,0.108
2020-09-07 14:00:00,0.108
2020-09-07 15:00:00,0.109
2020-09-07 16:00:00,0.11
2020-09-07 17:00:00,0.111
2020-09-07 18:00:00,0.111
2020-09-07 19:00:00,0.112
2020-09-07 20:00:00,0.113
2020-09-07 21:00:00,0.113
2020-09-07 22:00:00,0.113
2020-09-07 23:00:00,0.113
2020-09-08 00:00:00,0.113
2020-09-08 01:00:00,0.113
2020-09-08 02:00:00,0.113
2020-09-08 03:00:00,0.113
2020-09-08 04:00:00,0.113
2020-09-08 05:00:00,0.114
2020-09-08 06:00:00,0.114
2020-09-08 07:00:00,0.114
2020-09-08 08:00:00,0.114
2020-09-08 09:00:00,0.114
2020-09-08 10:00:00,0.113
2020-09-08 11:00:00,0.111
2020-09-08 12:00:00,0.109
2020-09-08 13:00:00,0.108
2020-09-08 14:00:00,0.108
2020-09-08 15:00:00,0.108
2020-09-08 16:00:00,0.109
2020-09-08 17:00:00,0.109
2020-09-08 18:00:00,0.11
2020-09-08 19:00:00,0.11
2020-09-08 20:00:00,0.11
2020-09-08 21:00:00,0.111
2020-09-08 22:00:00,0.112
2020-09-08 23:00:00,0.112
2020-09-09 00:00:00,0.112
2020-09-09 01:00:00,0.112
2020-09-09 02:00:00,0.112
2020-09-09 03:00:00,0.112
2020-09-09 04:00:00,0.112
2020-09-09 05:00:00,0.112
2020-09-09 06:00:00,0.111
2020-09-09 07:00:00,0.112
2020-09-09 08:00:00,0.112
2020-09-09 09:00:00,0.11
2020-09-09 10:00:00,0.112
2020-09-09 11:00:00,0.111
2020-09-09 12:00:00,0.109
2020-09-09 13:00:00,0.108
2020-09-09 14:00:00,0.108
2020-09-09 15:00:00,0.108
2020-09-09 16:00:00,0.109
2020-09-09 17:00:00,0.109
2020-09-09 18:00:00,0.11
2020-09-09 19:00:00,0.11
2020-09-09 20:00:00,0.111
2020-09-09 21:00:00,0.111
2020-09-09 22:00:00,0.112
2020-09-09 23:00:00,0.111
2020-09-10 00:00:00,0.113
2020-09-10 01:00:00,0.112
2020-09-10 02:00:00,0.112
2020-09-10 03:00:00,0.112
2020-09-10 04:00:00,0.112
2020-09-10 05:00:00,0.113
2020-09-10 06:00:00,0.113
2020-09-10 07:00:00,0.113
2020-09-10 08:00:00,0.113
2020-09-10 09:00:00,0.112
2020-09-10 10:00:00,0.112
2020-09-10 11:00:00,0.112
2020-09-10 12:00:00,0.111
2020-09-10 13:00:00,0.11
2020-09-10 14:00:00,0.109
2020-09-10 15:00:00,0.109
2020-09-10 16:00:00,0.108
2020-09-10 17:00:00,0.108
2020-09-10 18:00:00,0.108
2020-09-10 19:00:00,0.109
2020-09-10 20:00:00,0.109
2020-09-10 21:00:00,0.109
2020-09-10 22:00:00,0.11
2020-09-10 23:00:00,0.11
2020-09-11 00:00:00,0.11
2020-09-11 01:00:00,0.11
2020-09-11 02:00:00,0.11
2020-09-11 03:00:00,0.11
2020-09-11 04:00:00,0.11
2020-09-11 05:00:00,0.11
2020-09-11 06:00:00,0.11
2020-09-11 07:00:00,0.11
2020-09-11 08:00:00,0.11
2020-09-11 09:00:00,0.11
2020-09-11 10:00:00,0.14
2020-09-11 11:00:00,0.14
2020-09-11 12:00:00,0.14
2020-09-11 13:00:00,0.14
2020-09-11 14:00:00,0.142
2020-09-11 15:00:00,0.143
2020-09-11 16:00:00,0.145
2020-09-11 17:00:00,0.146
2020-09-11 18:00:00,0.148
2020-09-11 19:00:00,0.149
2020-09-11 20:00:00,0.15
2020-09-11 21:00:00,0.151
2020-09-11 22:00:00,0.151
2020-09-11 23:00:00,0.151
2020-09-12 00:00:00,0.152
2020-09-12 01:00:00,0.153
2020-09-12 02:00:00,0.153
2020-09-12 03:00:00,0.153
2020-09-12 04:00:00,0.154
2020-09-12 05:00:00,0.154
2020-09-12 06:00:00,0.154
2020-09-12 07:00:00,0.155
2020-09-12 08:00:00,0.155
2020-09-12 09:00:00,0.155
2020-09-12 10:00:00,0.154
2020-09-12 11:00:00,0.143
2020-09-12 12:00:00,0.141
2020-09-12 13:00:00,0.14
2020-09-12 14:00:00,0.139
2020-09-12 15:00:00,0.14
2020-09-12 16:00:00,0.14
2020-09-12 17:00:00,0.141
2020-09-12 18:00:00,0.142
2020-09-12 19:00:00,0.142
2020-09-12 20:00:00,0.143
2020-09-12 21:00:00,0.143
2020-09-12 22:00:00,0.143
2020-09-12 23:00:00,0.144
2020-09-13 00:00:00,0.144
2020-09-13 01:00:00,0.144
2020-09-13 02:00:00,0.144
2020-09-13 03:00:00,0.144
2020-09-13 04:00:00,0.144
2020-09-13 05:00:00,0.145
2020-09-13 06:00:00,0.144
2020-09-13 07:00:00,0.145
2020-09-13 08:00:00,0.145
2020-09-13 09:00:00,0.145
2020-09-13 10:00:00,0.144
2020-09-13 11:00:00,0.142
2020-09-13 12:00:00,0.14
2020-09-13 13:00:00,0.139
2020-09-13 14:00:00,0.138
2020-09-13 15:00:00,0.138
2020-09-13 16:00:00,0.139
2020-09-13 17:00:00,0.14
2020-09-13 18:00:00,0.14
2020-09-13 19:00:00,0.141
2020-09-13 20:00:00,0.141
2020-09-13 21:00:00,0.142
2020-09-13 22:00:00,0.142
2020-09-13 23:00:00,0.143
2020-09-14 00:00:00,0.142
2020-09-14 01:00:00,0.143
2020-09-14 02:00:00,0.144
2020-09-14 03:00:00,0.144
2020-09-14 04:00:00,0.144
2020-09-14 05:00:00,0.144
2020-09-14 06:00:00,0.144
2020-09-14 07:00:00,0.145
2020-09-14 08:00:00,0.145
2020-09-14 09:00:00,0.145
2020-09-14 10:00:00,0.144
2020-09-14 11:00:00,0.143
2020-09-14 12:00:00,0.141
2020-09-14 13:00:00,0.139
2020-09-14 14:00:00,0.138
2020-09-14 15:00:00,0.138
2020-09-14 16:00:00,0.139
2020-09-14 17:00:00,0.14
2020-09-14 18:00:00,0.14
2020-09-14 19:00:00,0.141
2020-09-14 20:00:00,0.141
2020-09-14 21:00:00,0.142
2020-09-14 22:00:00,0.143
2020-09-14 23:00:00,0.143
2020-09-15 00:00:00,0.143
2020-09-15 01:00:00,0.144
2020-09-15 02:00:00,0.144
2020-09-15 03:00:00,0.144
2020-09-15 04:00:00,0.145
2020-09-15 05:00:00,0.145
2020-09-15 06:00:00,0.145
2020-09-15 07:00:00,0.145
2020-09-15 08:00:00,0.145
2020-09-15 09:00:00,0.144
2020-09-15 10:00:00,0.144
2020-09-15 11:00:00,0.142
2020-09-15 12:00:00,0.14
2020-09-15 13:00:00,0.139
2020-09-15 14:00:00,0.138
2020-09-15 15:00:00,0.138
2020-09-15 16:00:00,0.139
2020-09-15 17:00:00,0.139
2020-09-15 18:00:00,0.14
2020-09-15 19:00:00,0.141
2020-09-15 20:00:00,0.141
2020-09-15 21:00:00,0.142
2020-09-15 22:00:00,0.142
2020-09-15 23:00:00,0.142
2020-09-16 00:00:00,0.144
2020-09-16 01:00:00,0.144
2020-09-16 02:00:00,0.143
2020-09-16 03:00:00,0.144
2020-09-16 04:00:00,0.144
2020-09-16 05:00:00,0.143
2020-09-16 06:00:00,0.144
2020-09-16 07:00:00,0.144
2020-09-16 08:00:00,0.144
2020-09-16 09:00:00,0.144
2020-09-16 10:00:00,0.143
2020-09-16 11:00:00,0.141
2020-09-16 12:00:00,0.14
2020-09-16 13:00:00,0.139
2020-09-16 14:00:00,0.138
2020-09-16 15:00:00,0.138
2020-09-16 16:00:00,0.138
2020-09-16 17:00:00,0.138
2020-09-16 18:00:00,0.139
2020-09-16 19:00:00,0.14
2020-09-16 20:00:00,0.14
2020-09-16 21:00:00,0.141
2020-09-16 22:00:00,0.141
2020-09-16 23:00:00,0.141
2020-09-17 00:00:00,0.142
2020-09-17 01:00:00,0.142
2020-09-17 02:00:00,0.142
2020-09-17 03:00:00,0.143
2020-09-17 04:00:00,0.143
2020-09-17 05:00:00,0.143
2020-09-17 06:00:00,0.143
2020-09-17 07:00:00,0.143
2020-09-17 08:00:00,0.143
2020-09-17 09:00:00,0.143
2020-09-17 10:20:00,0.142
2020-09-17 11:50:00,0.14
2020-09-17 12:50:00,0.138
2020-09-17 13:50:00,0.137
2020-09-17 14:50:00,0.137
2020-09-17 15:50:00,0.137
2020-09-17 16:50:00,0.138
2020-09-17 17:50:00,0.139
2020-09-17 18:50:00,0.139
2020-09-17 19:50:00,0.14
2020-09-17 20:50:00,0.141
2020-09-17 21:50:00,0.141
2020-09-17 22:50:00,0.142
2020-09-17 23:50:00,0.142
2020-09-18 00:50:00,0.142
2020-09-18 01:50:00,0.143
2020-09-18 02:50:00,0.143
2020-09-18 03:50:00,0.143
2020-09-18 04:50:00,0.143
2020-09-18 05:50:00,0.143
2020-09-18 06:50:00,0.144
2020-09-18 07:50:00,0.144
2020-09-18 08:50:00,0.143
2020-09-18 09:50:00,0.143
2020-09-18 10:50:00,0.142
2020-09-18 11:50:00,0.14
2020-09-18 12:50:00,0.138
2020-09-18 13:50:00,0.137
2020-09-18 14:50:00,0.138
2020-09-18 15:50:00,0.137
2020-09-18 16:50:00,0.138
2020-09-18 17:50:00,0.138
2020-09-18 18:50:00,0.139
2020-09-18 19:50:00,0.139
2020-09-18 20:50:00,0.14
2020-09-18 21:50:00,0.14
2020-09-18 22:50:00,0.141
2020-09-18 23:50:00,0.141
2020-09-19 00:50:00,0.142
2020-09-19 01:50:00,0.142
2020-09-19 02:50:00,0.142
2020-09-19 03:50:00,0.142
2020-09-19 04:50:00,0.143
2020-09-19 05:50:00,0.143
2020-09-19 06:50:00,0.143
2020-09-19 07:50:00,0.142
2020-09-19 08:50:00,0.143
2020-09-19 09:50:00,0.142
2020-09-19 10:50:00,0.14
2020-09-19 11:50:00,0.139
2020-09-19 12:50:00,0.138
2020-09-19 13:50:00,0.137
2020-09-19 14:50:00,0.137
2020-09-19 15:50:00,0.137
2020-09-19 16:50:00,0.137
2020-09-19 17:50:00,0.138
2020-09-19 18:50:00,0.138
2020-09-19 19:50:00,0.138
2020-09-19 20:50:00,0.139
2020-09-19 21:50:00,0.139
2020-09-19 22:50:00,0.139
2020-09-19 23:50:00,0.14
2020-09-20 00:50:00,0.14
2020-09-20 01:50:00,0.14
2020-09-20 02:50:00,0.14
2020-09-20 03:50:00,0.14
2020-09-20 04:50:00,0.14
2020-09-20 05:50:00,0.14
2020-09-20 06:50:00,0.14
2020-09-20 07:50:00,0.14
2020-09-20 09:56:00,0.139
2020-09-20 10:56:00,0.138
2020-09-20 11:56:00,0.136
2020-09-20 12:56:00,0.135
2020-09-20 13:56:00,0.134
2020-09-20 14:56:00,0.134
2020-09-20 15:56:00,0.135
2020-09-20 16:56:00,0.136
2020-09-20 17:56:00,0.136
2020-09-20 21:12:00,0.138
2020-09-20 22:12:00,0.138
2020-09-20 23:12:00,0.138
2020-09-21 00:12:00,0.139
2020-09-21 01:12:00,0.139
2020-09-21 02:12:00,0.139
2020-09-21 03:12:00,0.139
2020-09-21 04:12:00,0.139
2020-09-21 05:12:00,0.139
2020-09-21 06:12:00,0.139
2020-09-21 07:12:00,0.139
2020-09-21 08:12:00,0.139
2020-09-21 10:31:00,0.138
2020-09-21 11:31:00,0.137
2020-09-21 12:31:00,0.135
2020-09-21 13:31:00,0.134
2020-09-21 14:31:00,0.134
2020-09-21 15:31:00,0.135
2020-09-21 16:31:00,0.135
2020-09-21 17:31:00,0.136
2020-09-21 18:31:00,0.136
2020-09-21 19:31:00,0.137
2020-09-21 20:31:00,0.137
2020-09-21 21:31:00,0.138
2020-09-21 22:31:00,0.138
2020-09-21 23:31:00,0.138
2020-09-22 00:31:00,0.139
2020-09-22 01:31:00,0.139
2020-09-22 02:31:00,0.139
2020-09-22 03:31:00,0.139
2020-09-22 04:31:00,0.139
2020-09-22 05:31:00,0.139
2020-09-22 06:31:00,0.139
2020-09-22 07:31:00,0.139
2020-09-22 08:31:00,0.138
2020-09-22 09:31:00,0.139
2020-09-22 10:31:00,0.138
2020-09-22 11:31:00,0.137
2020-09-22 12:31:00,0.136
2020-09-22 13:31:00,0.135
2020-09-22 15:26:00,0.134
2020-09-22 16:26:00,0.134
2020-09-22 17:26:00,0.134
2020-09-22 18:26:00,0.134
2020-09-22 19:26:00,0.134
2020-09-22 20:26:00,0.134
2020-09-23 00:59:00,0.133
2020-09-23 01:59:00,0.134
2020-09-23 02:59:00,0.134
2020-09-23 04:51:00,0.134
2020-09-23 05:51:00,0.134
2020-09-23 06:51:00,0.134
2020-09-23 07:51:00,0.134
2020-09-23 08:51:00,0.133
2020-09-23 11:06:00,0.133
2020-09-23 12:06:00,0.132
2020-09-23 14:12:00,0.131
2020-09-23 15:12:00,0.131
2020-09-23 16:12:00,0.131
2020-09-23 17:12:00,0.132
2020-09-23 18:12:00,0.132
2020-09-23 19:12:00,0.133
2020-09-23 20:12:00,0.134
2020-09-23 21:12:00,0.134
2020-09-23 22:12:00,0.135
2020-09-23 23:12:00,0.135
2020-09-24 00:12:00,0.135
2020-09-24 01:12:00,0.136
2020-09-24 02:12:00,0.134
2020-09-24 03:12:00,0.136
2020-09-24 04:12:00,0.135
2020-09-24 05:12:00,0.137
2020-09-24 06:12:00,0.136
2020-09-24 07:12:00,0.136
2020-09-24 08:12:00,0.136
2020-09-24 09:12:00,0.136
2020-09-24 10:12:00,0.136
2020-09-24 11:12:00,0.135
2020-09-24 13:02:00,0.13
2020-09-24 14:52:00,0.129
2020-09-24 15:52:00,0.129
2020-09-24 16:52:00,0.13
2020-09-24 17:52:00,0.13
2020-09-24 18:52:00,0.131
2020-09-24 19:52:00,0.13
2020-09-24 20:52:00,0.133
2020-09-24 22:42:00,0.133
2020-09-24 23:42:00,0.133
2020-09-25 00:42:00,0.133
2020-09-25 03:27:00,0.133
2020-09-25 04:27:00,0.133
2020-09-25 06:13:00,0.133
2020-09-25 07:13:00,0.134
2020-09-25 08:13:00,0.134
2020-09-25 09:13:00,0.143
2020-09-25 11:00:00,0.133
2020-09-25 12:00:00,0.132
2020-09-25 13:00:00,0.131
2020-09-25 14:00:00,0.131
2020-09-25 15:00:00,0.132
2020-09-25 16:00:00,0.132
2020-09-25 17:00:00,0.133
2020-09-25 18:00:00,0.134
2020-09-25 19:00:00,0.135
2020-09-25 20:00:00,0.136
2020-09-25 21:00:00,0.137
2020-09-25 22:00:00,0.137
2020-09-25 23:00:00,0.138
2020-09-26 00:00:00,0.138
2020-09-26 01:00:00,0.138
2020-09-26 02:00:00,0.138
2020-09-26 03:00:00,0.138
2020-09-26 04:00:00,0.138
2020-09-26 05:00:00,0.137
2020-09-26 06:00:00,0.137
2020-09-26 07:00:00,0.137
2020-09-26 08:00:00,0.137
2020-09-26 09:00:00,0.137
2020-09-26 10:00:00,0.136
2020-09-26 11:00:00,0.136
2020-09-26 12:00:00,0.134
2020-09-26 13:00:00,0.133
2020-09-26 14:00:00,0.133
2020-09-26 15:00:00,0.133
2020-09-26 16:00:00,0.134
2020-09-26 17:00:00,0.133
2020-09-26 18:00:00,0.134
2020-09-26 19:00:00,0.134
2020-09-26 20:00:00,0.134
2020-09-26 21:00:00,0.134
2020-09-26 22:00:00,0.134
2020-09-26 23:00:00,0.135
2020-09-27 00:00:00,0.135
2020-09-27 01:00:00,0.135
2020-09-27 03:19:00,0.135
2020-09-27 04:19:00,0.135
2020-09-27 05:19:00,0.135
2020-09-27 06:19:00,0.135
2020-09-27 07:19:00,0.134
2020-09-27 08:19:00,0.134
2020-09-27 09:19:00,0.134
2020-09-27 10:19:00,0.133
2020-09-27 11:19:00,0.133
2020-09-27 12:19:00,0.133
2020-09-27 13:19:00,0.133
2020-09-27 14:19:00,0.132
2020-09-27 15:19:00,0.132
2020-09-27 16:19:00,0.132
2020-09-27 17:19:00,0.132
2020-09-27 18:19:00,0.132
2020-09-27 19:19:00,0.132
2020-09-27 20:19:00,0.132
2020-09-27 21:19:00,0.132
2020-09-27 22:19:00,0.132
2020-09-27 23:19:00,0.132
2020-09-28 00:19:00,0.133
2020-09-28 01:19:00,0.132
2020-09-28 02:19:00,0.132
2020-09-28 03:19:00,0.132
2020-09-28 04:19:00,0.132
2020-09-28 05:19:00,0.132
2020-09-28 06:19:00,0.131
2020-09-28 07:19:00,0.131
2020-09-28 08:19:00,0.13
2020-09-28 09:19:00,0.131
2020-09-28 10:19:00,0.131
2020-09-28 11:19:00,0.131
2020-09-28 12:19:00,0.13
2020-09-28 14:47:00,0.128
2020-09-28 15:47:00,0.128
2020-09-28 16:47:00,0.129
2020-09-28 17:47:00,0.129
2020-09-28 18:47:00,0.13
2020-09-28 19:47:00,0.131
2020-09-28 20:47:00,0.129
2020-09-28 21:47:00,0.132
2020-09-28 22:47:00,0.132
2020-09-28 23:47:00,0.133
2020-09-29 00:47:00,0.133
2020-09-29 01:47:00,0.133
2020-09-29 02:47:00,0.133
2020-09-29 03:47:00,0.133
2020-09-29 04:47:00,0.134
2020-09-29 05:47:00,0.134
2020-09-29 06:47:00,0.134
2020-09-29 07:47:00,0.134
2020-09-29 08:47:00,0.13
2020-09-29 09:47:00,0.133
2020-09-29 10:47:00,0.132
2020-09-29 11:47:00,0.13
2020-09-29 12:47:00,0.13
2020-09-29 13:47:00,0.129
2020-09-29 14:47:00,0.129
2020-09-29 15:47:00,0.129
2020-09-29 16:47:00,0.13
2020-09-29 17:47:00,0.13
2020-09-29 18:47:00,0.131
2020-09-29 19:47:00,0.131
2020-09-29 20:47:00,0.132
2020-09-29 21:47:00,0.132
2020-09-29 22:47:00,0.133
2020-09-29 23:47:00,0.133
2020-09-30 00:47:00,0.133
2020-09-30 01:47:00,0.133
2020-09-30 02:47:00,0.133
2020-09-30 03:47:00,0.133
2020-09-30 04:47:00,0.133
2020-09-30 05:47:00,0.133
2020-09-30 06:47:00,0.133
2020-09-30 07:47:00,0.133
2020-09-30 08:47:00,0.133
2020-09-30 09:47:00,0.133
2020-09-30 10:47:00,0.132
2020-09-30 11:47:00,0.131
2020-09-30 12:47:00,0.13
2020-09-30 13:47:00,0.129
2020-09-30 14:47:00,0.129
2020-09-30 15:47:00,0.129
2020-09-30 16:47:00,0.13
2020-09-30 17:47:00,0.13
2020-09-30 18:47:00,0.131
2020-09-30 19:47:00,0.131
2020-09-30 20:47:00,0.132
2020-09-30 21:47:00,0.132
2020-09-30 22:47:00,0.132
2020-09-30 23:47:00,0.132
2020-10-01 00:47:00,0.132
2020-10-01 01:47:00,0.132
2020-10-01 02:47:00,0.132
2020-10-01 03:47:00,0.132
2020-10-01 04:47:00,0.132
2020-10-01 05:47:00,0.131
2020-10-01 06:47:00,0.131
2020-10-01 07:47:00,0.131
2020-10-01 08:47:00,0.13
2020-10-01 09:47:00,0.13
2020-10-01 10:47:00,0.129
2020-10-01 11:47:00,0.127
2020-10-01 12:47:00,0.127
2020-10-01 13:47:00,0.126
2020-10-01 14:47:00,0.125
2020-10-01 15:47:00,0.125
2020-10-01 16:47:00,0.125
2020-10-01 17:47:00,0.126
2020-10-01 18:47:00,0.126
2020-10-01 19:47:00,0.127
2020-10-01 20:47:00,0.127
2020-10-01 21:47:00,0.128
2020-10-01 22:47:00,0.128
2020-10-01 23:47:00,0.128
2020-10-02 00:47:00,0.128
2020-10-02 01:47:00,0.128
2020-10-02 02:47:00,0.128
2020-10-02 03:47:00,0.128
2020-10-02 04:47:00,0.127
2020-10-02 05:47:00,0.127
2020-10-02 06:47:00,0.127
2020-10-02 07:47:00,0.127
2020-10-02 08:47:00,0.126
2020-10-02 09:47:00,0.127
2020-10-02 10:47:00,0.126
2020-10-02 11:47:00,0.131
2020-10-02 12:47:00,0.13
2020-10-02 13:47:00,0.13
2020-10-02 14:47:00,0.129
2020-10-02 15:47:00,0.13
2020-10-02 16:47:00,0.13
2020-10-02 17:47:00,0.13
2020-10-02 18:47:00,0.131
2020-10-02 19:47:00,0.131
2020-10-02 20:47:00,0.131
2020-10-02 21:47:00,0.131
2020-10-02 22:47:00,0.131
2020-10-02 23:47:00,0.131
2020-10-03 00:47:00,0.131
2020-10-03 01:47:00,0.13
2020-10-03 02:47:00,0.131
2020-10-03 03:47:00,0.131
2020-10-03 04:47:00,0.131
2020-10-03 05:47:00,0.131
2020-10-03 06:47:00,0.131
2020-10-03 08:49:00,0.13
2020-10-03 09:49:00,0.131
2020-10-03 10:49:00,0.131
2020-10-03 11:49:00,0.13
2020-10-03 12:49:00,0.131
2020-10-03 13:49:00,0.131
2020-10-03 14:49:00,0.13
2020-10-03 15:49:00,0.13
2020-10-03 16:49:00,0.13
2020-10-03 17:49:00,0.131
2020-10-03 18:49:00,0.131
2020-10-03 19:49:00,0.131
2020-10-03 20:49:00,0.132
2020-10-03 21:49:00,0.132
2020-10-03 22:49:00,0.132
2020-10-03 23:49:00,0.132
2020-10-04 00:49:00,0.132
2020-10-04 01:49:00,0.133
2020-10-04 02:49:00,0.133
2020-10-04 03:49:00,0.133
2020-10-04 04:49:00,0.133
2020-10-04 05:49:00,0.133
2020-10-04 06:49:00,0.133
2020-10-04 07:49:00,0.133
2020-10-04 08:49:00,0.133
2020-10-04 09:49:00,0.132
2020-10-04 10:49:00,0.131
2020-10-04 11:49:00,0.131
2020-10-04 12:49:00,0.13
2020-10-04 13:49:00,0.129
2020-10-04 14:49:00,0.128
2020-10-04 15:49:00,0.128
2020-10-04 16:49:00,0.129
2020-10-04 17:49:00,0.129
2020-10-04 18:49:00,0.13
2020-10-04 19:49:00,0.131
2020-10-04 20:49:00,0.131
2020-10-04 21:49:00,0.132
2020-10-04 22:49:00,0.132
2020-10-04 23:49:00,0.132
2020-10-05 00:49:00,0.131
2020-10-05 01:49:00,0.132
2020-10-05 02:49:00,0.132
2020-10-05 03:49:00,0.132
2020-10-05 04:49:00,0.131
2020-10-05 05:49:00,0.132
2020-10-05 06:49:00,0.132
2020-10-05 07:49:00,0.132
2020-10-05 08:49:00,0.131
2020-10-05 09:49:00,0.131
2020-10-05 10:49:00,0.13
2020-10-05 11:49:00,0.129
2020-10-05 12:49:00,0.128
2020-10-05 13:49:00,0.127
2020-10-05 14:49:00,0.127
2020-10-05 15:49:00,0.127
2020-10-05 16:49:00,0.128
2020-10-05 17:49:00,0.128
2020-10-05 18:49:00,0.129
2020-10-05 19:49:00,0.13
2020-10-05 20:49:00,0.13
2020-10-05 22:36:00,0.131
2020-10-05 23:36:00,0.131
2020-10-06 00:36:00,0.132
2020-10-06 01:36:00,0.132
2020-10-06 02:36:00,0.132
2020-10-06 03:36:00,0.132
2020-10-06 04:36:00,0.132
2020-10-06 05:36:00,0.132
2020-10-06 06:36:00,0.132
2020-10-06 07:36:00,0.132
2020-10-06 08:36:00,0.131
2020-10-06 09:36:00,0.131
2020-10-06 10:36:00,0.13
2020-10-06 11:36:00,0.128
2020-10-06 12:36:00,0.127
2020-10-06 13:36:00,0.126
2020-10-06 14:36:00,0.126
2020-10-06 15:36:00,0.126
2020-10-06 16:36:00,0.126
2020-10-06 17:36:00,0.126
2020-10-06 18:36:00,0.127
2020-10-06 19:36:00,0.128
2020-10-06 20:36:00,0.128
2020-10-06 21:36:00,0.129
2020-10-06 22:36:00,0.129
2020-10-06 23:36:00,0.129
2020-10-07 00:36:00,0.129
2020-10-07 01:36:00,0.129
2020-10-07 02:36:00,0.129
2020-10-07 03:36:00,0.129
2020-10-07 04:36:00,0.129
2020-10-07 05:36:00,0.129
2020-10-07 06:36:00,0.129
2020-10-07 07:36:00,0.128
2020-10-07 09:29:00,0.128
2020-10-07 10:29:00,0.127
2020-10-07 11:29:00,0.126
2020-10-07 12:29:00,0.125
2020-10-07 13:29:00,0.123
2020-10-07 14:29:00,0.124
2020-10-07 15:29:00,0.124
2020-10-07 16:29:00,0.135
2020-10-07 17:29:00,0.135
2020-10-07 18:29:00,0.136
2020-10-07 19:29:00,0.137
2020-10-07 20:29:00,0.138
2020-10-07 21:29:00,0.139
2020-10-07 22:29:00,0.139
2020-10-07 23:29:00,0.139
2020-10-08 00:29:00,0.14
2020-10-08 01:29:00,0.14
2020-10-08 02:29:00,0.14
2020-10-08 03:29:00,0.14
2020-10-08 04:29:00,0.14
2020-10-08 05:29:00,0.14
2020-10-08 06:29:00,0.14
2020-10-08 07:29:00,0.14
2020-10-08 08:29:00,0.14
2020-10-08 09:29:00,0.14
2020-10-08 10:29:00,0.138
2020-10-08 11:29:00,0.137
2020-10-08 12:29:00,0.136
2020-10-08 13:29:00,0.135
2020-10-08 14:29:00,0.134
2020-10-08 15:29:00,0.133
2020-10-08 16:29:00,0.134
2020-10-08 17:29:00,0.134
2020-10-08 18:29:00,0.135
2020-10-08 19:29:00,0.136
2020-10-08 20:29:00,0.136
2020-10-08 21:29:00,0.137
2020-10-08 22:29:00,0.137
2020-10-08 23:29:00,0.138
2020-10-09 00:29:00,0.138
2020-10-09 01:29:00,0.138
2020-10-09 02:29:00,0.138
2020-10-09 03:29:00,0.138
2020-10-09 04:29:00,0.138
2020-10-09 05:29:00,0.138
2020-10-09 06:29:00,0.138
2020-10-09 07:29:00,0.139
2020-10-09 08:29:00,0.138
2020-10-09 09:29:00,0.138
2020-10-09 10:29:00,0.136
2020-10-09 11:29:00,0.135
2020-10-09 12:29:00,0.134
2020-10-09 13:29:00,0.133
2020-10-09 14:29:00,0.132
2020-10-09 15:29:00,0.132
2020-10-09 16:29:00,0.132
2020-10-09 17:29:00,0.132
2020-10-09 18:29:00,0.133
2020-10-09 19:29:00,0.134
2020-10-09 20:29:00,0.134
2020-10-09 21:29:00,0.135
2020-10-09 22:29:00,0.136
2020-10-09 23:29:00,0.136
2020-10-10 00:29:00,0.136
2020-10-10 01:29:00,0.136
2020-10-10 02:29:00,0.136
2020-10-10 03:29:00,0.136
2020-10-10 04:29:00,0.136
2020-10-10 05:29:00,0.136
2020-10-10 06:29:00,0.136
2020-10-10 07:29:00,0.137
2020-10-10 08:29:00,0.137
2020-10-10 09:29:00,0.136
2020-10-10 10:29:00,0.135
2020-10-10 11:29:00,0.134
2020-10-10 12:29:00,0.133
2020-10-10 13:29:00,0.132
2020-10-10 14:29:00,0.131
2020-10-10 15:29:00,0.131
2020-10-10 16:29:00,0.131
2020-10-10 17:29:00,0.132
2020-10-10 18:29:00,0.132
2020-10-10 19:29:00,0.132
2020-10-10 20:29:00,0.133
2020-10-10 21:29:00,0.134
2020-10-10 22:29:00,0.134
2020-10-10 23:29:00,0.134
2020-10-11 00:29:00,0.134
2020-10-11 01:29:00,0.135
2020-10-11 02:29:00,0.137
2020-10-11 03:29:00,0.134
2020-10-11 04:29:00,0.135
2020-10-11 05:29:00,0.135
2020-10-11 06:29:00,0.135
2020-10-11 07:29:00,0.135
2020-10-11 08:29:00,0.135
2020-10-11 09:29:00,0.135
2020-10-11 11:52:00,0.134
2020-10-11 12:52:00,0.133
2020-10-11 13:52:00,0.133
2020-10-11 14:52:00,0.132
2020-10-11 15:52:00,0.132
2020-10-11 16:52:00,0.132
2020-10-11 17:52:00,0.133
2020-10-11 18:52:00,0.134
2020-10-11 19:52:00,0.134
2020-10-11 20:52:00,0.134
2020-10-11 21:52:00,0.135
2020-10-11 22:52:00,0.135
2020-10-11 23:52:00,0.135
2020-10-12 00:52:00,0.135
2020-10-12 01:52:00,0.135
2020-10-12 02:52:00,0.135
2020-10-12 03:52:00,0.135
2020-10-12 04:52:00,0.135
2020-10-12 05:52:00,0.136
2020-10-12 06:52:00,0.135
2020-10-12 07:52:00,0.136
2020-10-12 08:52:00,0.136
2020-10-12 09:52:00,0.135
2020-10-12 10:52:00,0.134
2020-10-12 11:52:00,0.134
2020-10-12 12:52:00,0.133
2020-10-12 13:52:00,0.132
2020-10-12 14:52:00,0.132
2020-10-12 15:52:00,0.131
2020-10-12 16:52:00,0.13
2020-10-12 17:52:00,0.13
2020-10-12 18:52:00,0.131
2020-10-12 19:52:00,0.131
2020-10-12 20:52:00,0.132
2020-10-12 21:52:00,0.133
2020-10-12 22:52:00,0.133
2020-10-12 23:52:00,0.133
2020-10-13 00:52:00,0.133
2020-10-13 01:52:00,0.134
2020-10-13 02:52:00,0.134
2020-10-13 03:52:00,0.134
2020-10-13 04:52:00,0.134
2020-10-13 05:52:00,0.135
2020-10-13 06:52:00,0.134
2020-10-13 07:52:00,0.135
2020-10-13 08:52:00,0.138
2020-10-13 09:52:00,0.133
2020-10-13 10:52:00,0.132
2020-10-13 11:52:00,0.131
2020-10-13 12:52:00,0.13
2020-10-13 13:52:00,0.129
2020-10-13 14:52:00,0.129
2020-10-13 15:52:00,0.128
2020-10-13 16:52:00,0.129
2020-10-13 17:52:00,0.129
2020-10-13 18:52:00,0.13
2020-10-13 19:52:00,0.131
2020-10-13 20:52:00,0.131
2020-10-13 21:52:00,0.132
2020-10-13 22:52:00,0.132
2020-10-13 23:52:00,0.133
2020-10-14 00:52:00,0.133
2020-10-14 01:52:00,0.133
2020-10-14 02:52:00,0.133
2020-10-14 03:52:00,0.133
2020-10-14 04:52:00,0.133
2020-10-14 05:52:00,0.133
2020-10-14 06:52:00,0.133
2020-10-14 07:52:00,0.133
2020-10-14 08:52:00,0.133
2020-10-14 09:52:00,0.132
2020-10-14 10:52:00,0.131
2020-10-14 11:52:00,0.13
2020-10-14 13:33:00,0.128
2020-10-14 14:33:00,0.128
2020-10-14 15:33:00,0.128
2020-10-14 16:33:00,0.128
2020-10-14 17:33:00,0.128
2020-10-14 18:33:00,0.128
2020-10-14 19:33:00,0.127
2020-10-14 20:33:00,0.127
2020-10-14 21:33:00,0.128
2020-10-14 22:33:00,0.128
2020-10-14 23:33:00,0.128
2020-10-15 00:33:00,0.128
2020-10-15 02:36:00,0.128
2020-10-15 03:36:00,0.128
2020-10-15 04:36:00,0.128
2020-10-15 05:36:00,0.128
2020-10-15 06:36:00,0.129
2020-10-15 07:36:00,0.129
2020-10-15 08:36:00,0.129
2020-10-15 09:36:00,0.129
2020-10-15 10:36:00,0.129
2020-10-15 11:36:00,0.128
2020-10-15 12:36:00,0.128
2020-10-15 13:36:00,0.127
2020-10-15 14:36:00,0.127
2020-10-15 15:36:00,0.127
2020-10-15 16:36:00,0.127
2020-10-15 17:36:00,0.128
2020-10-15 18:36:00,0.129
2020-10-15 19:36:00,0.13
2020-10-15 20:36:00,0.13
2020-10-15 21:36:00,0.131
2020-10-15 22:36:00,0.131
2020-10-15 23:36:00,0.131
2020-10-16 00:36:00,0.131
2020-10-16 02:26:00,0.131
2020-10-16 03:26:00,0.132
2020-10-16 04:26:00,0.132
2020-10-16 05:26:00,0.132
2020-10-16 06:26:00,0.132
2020-10-16 07:26:00,0.132
2020-10-16 08:26:00,0.132
2020-10-16 09:26:00,0.131
2020-10-16 10:26:00,0.13
2020-10-16 11:26:00,0.129
2020-10-16 12:26:00,0.128
2020-10-16 13:26:00,0.126
2020-10-16 14:26:00,0.126
2020-10-16 15:26:00,0.126
2020-10-16 16:26:00,0.126
2020-10-16 17:26:00,0.127
2020-10-16 18:26:00,0.128
2020-10-16 19:26:00,0.129
2020-10-16 20:26:00,0.129
2020-10-16 21:26:00,0.13
2020-10-16 22:26:00,0.13
2020-10-16 23:26:00,0.13
2020-10-17 00:26:00,0.131
2020-10-17 01:26:00,0.131
2020-10-17 02:26:00,0.131
2020-10-17 03:26:00,0.132
2020-10-17 04:26:00,0.132
2020-10-17 05:26:00,0.132
2020-10-17 06:26:00,0.132
2020-10-17 07:26:00,0.132
2020-10-17 08:26:00,0.132
2020-10-17 09:26:00,0.132
2020-10-17 10:26:00,0.131
2020-10-17 11:26:00,0.129
2020-10-17 12:26:00,0.128
2020-10-17 13:26:00,0.127
2020-10-17 14:26:00,0.126
2020-10-17 15:26:00,0.126
2020-10-17 16:26:00,0.127
2020-10-17 17:26:00,0.127
2020-10-17 18:26:00,0.128
2020-10-17 19:26:00,0.129
2020-10-17 20:26:00,0.13
2020-10-17 21:26:00,0.13
2020-10-17 22:26:00,0.131
2020-10-17 23:26:00,0.131
2020-10-18 00:26:00,0.131
2020-10-18 01:26:00,0.132
2020-10-18 02:26:00,0.132
2020-10-18 03:26:00,0.132
2020-10-18 04:26:00,0.132
2020-10-18 05:26:00,0.132
2020-10-18 06:26:00,0.132
2020-10-18 07:26:00,0.132
2020-10-18 08:26:00,0.132
2020-10-18 09:26:00,0.132
2020-10-18 10:26:00,0.13
2020-10-18 11:26:00,0.129
2020-10-18 12:26:00,0.128
2020-10-18 13:26:00,0.127
2020-10-18 14:26:00,0.126
2020-10-18 15:26:00,0.126
2020-10-18 16:26:00,0.126
2020-10-18 17:26:00,0.126
2020-10-18 18:26:00,0.127
2020-10-18 19:26:00,0.128
2020-10-18 20:26:00,0.128
2020-10-18 21:26:00,0.129
2020-10-18 22:26:00,0.129
2020-10-18 23:26:00,0.13
2020-10-19 00:26:00,0.13
2020-10-19 01:26:00,0.131
2020-10-19 02:26:00,0.131
2020-10-19 03:26:00,0.131
2020-10-19 04:26:00,0.131
2020-10-19 05:26:00,0.131
2020-10-19 06:26:00,0.131
2020-10-19 07:26:00,0.132
2020-10-19 08:26:00,0.131
2020-10-19 09:26:00,0.131
2020-10-19 10:26:00,0.13
2020-10-19 11:26:00,0.128
2020-10-19 12:26:00,0.127
2020-10-19 13:26:00,0.126
2020-10-19 14:26:00,0.125
2020-10-19 15:26:00,0.124
2020-10-19 16:26:00,0.125
2020-10-19 17:26:00,0.125
2020-10-19 18:26:00,0.126
2020-10-19 19:26:00,0.127
2020-10-19 20:26:00,0.128
2020-10-19 21:26:00,0.128
2020-10-19 22:26:00,0.129
2020-10-19 23:26:00,0.129
2020-10-20 00:26:00,0.129
2020-10-20 01:26:00,0.129
2020-10-20 02:26:00,0.129
2020-10-20 03:26:00,0.129
2020-10-20 04:26:00,0.129
2020-10-20 05:26:00,0.129
2020-10-20 06:26:00,0.129
2020-10-20 07:26:00,0.129
2020-10-20 08:26:00,0.129
2020-10-20 09:26:00,0.128
2020-10-20 10:26:00,0.127
2020-10-20 11:26:00,0.126
2020-10-20 12:26:00,0.125
2020-10-20 13:26:00,0.123
2020-10-20 14:26:00,0.122
2020-10-20 15:26:00,0.122
2020-10-20 16:26:00,0.122
2020-10-20 17:26:00,0.123
2020-10-20 18:26:00,0.123
2020-10-20 19:26:00,0.124
2020-10-20 20:26:00,0.125
2020-10-20 21:26:00,0.126
2020-10-20 22:26:00,0.126
2020-10-20 23:26:00,0.127
2020-10-21 00:26:00,0.127
2020-10-21 01:26:00,0.127
2020-10-21 02:26:00,0.127
2020-10-21 03:26:00,0.127
2020-10-21 04:26:00,0.127
2020-10-21 05:26:00,0.127
2020-10-21 06:26:00,0.127
2020-10-21 07:26:00,0.128
2020-10-21 08:26:00,0.128
2020-10-21 09:26:00,0.127
2020-10-21 10:26:00,0.126
2020-10-21 11:26:00,0.125
2020-10-21 12:26:00,0.124
2020-10-21 13:26:00,0.122
2020-10-21 14:26:00,0.12
2020-10-21 15:26:00,0.131
2020-10-21 16:26:00,0.131
2020-10-21 17:26:00,0.132
2020-10-21 18:26:00,0.133
2020-10-21 19:26:00,0.133
2020-10-21 20:26:00,0.134
2020-10-21 21:26:00,0.134
2020-10-21 22:26:00,0.135
2020-10-21 23:26:00,0.135
2020-10-22 00:26:00,0.135
2020-10-22 01:26:00,0.135
2020-10-22 02:26:00,0.136
2020-10-22 03:26:00,0.135
2020-10-22 04:26:00,0.135
2020-10-22 05:26:00,0.135
2020-10-22 06:26:00,0.135
2020-10-22 07:26:00,0.136
2020-10-22 08:26:00,0.136
2020-10-22 09:26:00,0.135
2020-10-22 10:26:00,0.134
2020-10-22 11:26:00,0.133
2020-10-22 12:26:00,0.132
2020-10-22 13:26:00,0.131
2020-10-22 14:26:00,0.13
2020-10-22 15:26:00,0.13
2020-10-22 16:26:00,0.13
2020-10-22 17:26:00,0.131
2020-10-22 18:26:00,0.131
2020-10-22 19:26:00,0.132
2020-10-22 20:26:00,0.133
2020-10-22 21:26:00,0.133
2020-10-22 22:26:00,0.134
2020-10-22 23:26:00,0.134
2020-10-23 00:26:00,0.134
2020-10-23 01:26:00,0.135
2020-10-23 02:26:00,0.135
2020-10-23 03:26:00,0.135
2020-10-23 04:26:00,0.135
2020-10-23 05:26:00,0.136
2020-10-23 06:26:00,0.136
2020-10-23 07:26:00,0.136
2020-10-23 08:26:00,0.137
2020-10-23 09:26:00,0.136
2020-10-23 10:26:00,0.136
2020-10-23 11:26:00,0.136
2020-10-23 12:26:00,0.135
2020-10-23 13:26:00,0.134
2020-10-23 14:26:00,0.134
2020-10-23 15:26:00,0.134
2020-10-23 16:26:00,0.135
2020-10-23 17:26:00,0.135
2020-10-23 18:26:00,0.136
2020-10-23 19:26:00,0.136
2020-10-23 20:26:00,0.136
2020-10-23 21:26:00,0.137
2020-10-23 22:26:00,0.137
2020-10-23 23:26:00,0.137
2020-10-24 00:26:00,0.137
2020-10-24 01:26:00,0.138
2020-10-24 02:26:00,0.138
2020-10-24 03:26:00,0.138
2020-10-24 04:26:00,0.138
2020-10-24 05:26:00,0.138
2020-10-24 06:26:00,0.138
2020-10-24 07:26:00,0.138
2020-10-24 09:44:00,0.138
2020-10-24 11:16:00,0.137
2020-10-24 12:16:00,0.136
2020-10-24 13:16:00,0.135
2020-10-24 14:16:00,0.135
2020-10-24 15:16:00,0.135
2020-10-24 16:16:00,0.136
2020-10-24 17:16:00,0.137
2020-10-24 18:16:00,0.138
2020-10-24 19:16:00,0.139
2020-10-24 20:16:00,0.14
2020-10-24 21:16:00,0.141
2020-10-24 22:16:00,0.141
2020-10-24 23:16:00,0.142
2020-10-25 00:16:00,0.142
2020-10-25 01:16:00,0.143
2020-10-25 02:16:00,0.143
2020-10-25 03:16:00,0.143
2020-10-25 04:16:00,0.143
2020-10-25 05:16:00,0.143
2020-10-25 06:16:00,0.143
2020-10-25 07:16:00,0.143
2020-10-25 08:16:00,0.143
2020-10-25 09:16:00,0.143
2020-10-25 10:16:00,0.142
2020-10-25 11:16:00,0.14
2020-10-25 12:16:00,0.139
2020-10-25 13:16:00,0.138
2020-10-25 14:16:00,0.137
2020-10-25 15:16:00,0.137
2020-10-25 16:16:00,0.137
2020-10-25 17:16:00,0.137
2020-10-25 18:16:00,0.138
2020-10-25 19:16:00,0.139
2020-10-25 20:16:00,0.14
2020-10-25 21:16:00,0.14
2020-10-25 22:16:00,0.141
2020-10-25 23:16:00,0.141
2020-10-26 00:16:00,0.141
2020-10-26 01:16:00,0.142
2020-10-26 02:16:00,0.142
2020-10-26 03:16:00,0.142
2020-10-26 04:16:00,0.142
2020-10-26 05:16:00,0.142
2020-10-26 06:16:00,0.143
2020-10-26 07:16:00,0.143
2020-10-26 08:16:00,0.143
2020-10-26 09:16:00,0.143
2020-10-26 10:16:00,0.142
2020-10-26 11:16:00,0.141
2020-10-26 12:16:00,0.141
2020-10-26 13:16:00,0.14
2020-10-26 14:16:00,0.139
2020-10-26 15:16:00,0.138
2020-10-26 16:16:00,0.138
2020-10-26 17:16:00,0.139
2020-10-26 18:16:00,0.14
2020-10-26 19:16:00,0.14
2020-10-26 20:16:00,0.141
2020-10-26 21:16:00,0.141
2020-10-26 22:16:00,0.141
2020-10-26 23:16:00,0.141
2020-10-27 00:16:00,0.141
2020-10-27 01:16:00,0.141
2020-10-27 02:16:00,0.141
2020-10-27 03:16:00,0.141
2020-10-27 04:16:00,0.141
2020-10-27 05:16:00,0.141
2020-10-27 06:16:00,0.141
2020-10-27 07:16:00,0.142
2020-10-27 08:16:00,0.141
2020-10-27 09:16:00,0.142
2020-10-27 10:16:00,0.141
2020-10-27 11:16:00,0.14
2020-10-27 12:16:00,0.139
2020-10-27 13:16:00,0.138
2020-10-27 14:16:00,0.136
2020-10-27 15:16:00,0.136
2020-10-27 16:16:00,0.136
2020-10-27 17:16:00,0.137
2020-10-27 18:16:00,0.138
2020-10-27 19:16:00,0.139
2020-10-27 20:16:00,0.14
2020-10-27 21:16:00,0.14
2020-10-27 22:16:00,0.141
2020-10-27 23:16:00,0.141
2020-10-28 00:16:00,0.141
2020-10-28 01:16:00,0.142
2020-10-28 02:16:00,0.142
2020-10-28 03:16:00,0.142
2020-10-28 04:16:00,0.142
2020-10-28 05:16:00,0.142
2020-10-28 06:16:00,0.141
2020-10-28 07:16:00,0.141
2020-10-28 08:16:00,0.141
2020-10-28 09:16:00,0.141
2020-10-28 10:16:00,0.14
2020-10-28 11:16:00,0.139
2020-10-28 12:16:00,0.137
2020-10-28 13:16:00,0.135
2020-10-28 14:16:00,0.134
2020-10-28 15:16:00,0.133
2020-10-28 16:16:00,0.133
2020-10-28 17:16:00,0.134
2020-10-28 18:16:00,0.135
2020-10-28 19:16:00,0.135
2020-10-28 20:16:00,0.136
2020-10-28 21:16:00,0.137
2020-10-28 22:16:00,0.137
2020-10-28 23:16:00,0.137
2020-10-29 00:16:00,0.138
2020-10-29 01:16:00,0.138
2020-10-29 02:16:00,0.138
2020-10-29 03:16:00,0.139
2020-10-29 04:16:00,0.139
2020-10-29 05:16:00,0.138
2020-10-29 06:16:00,0.138
2020-10-29 07:16:00,0.138
2020-10-29 08:16:00,0.138
2020-10-29 09:16:00,0.138
2020-10-29 10:16:00,0.137
2020-10-29 11:16:00,0.135
2020-10-29 12:16:00,0.133
2020-10-29 13:16:00,0.132
2020-10-29 14:16:00,0.131
2020-10-29 15:16:00,0.131
2020-10-29 16:16:00,0.131
2020-10-29 17:16:00,0.131
2020-10-29 18:16:00,0.131
2020-10-29 19:16:00,0.132
2020-10-29 20:16:00,0.132
2020-10-29 21:16:00,0.133
2020-10-29 22:16:00,0.133
2020-10-29 23:16:00,0.134
2020-10-30 00:16:00,0.134
2020-10-30 01:16:00,0.134
2020-10-30 02:16:00,0.135
2020-10-30 03:16:00,0.135
2020-10-30 04:16:00,0.135
2020-10-30 05:16:00,0.135
2020-10-30 06:16:00,0.135
2020-10-30 07:16:00,0.135
2020-10-30 08:16:00,0.135
2020-10-30 09:16:00,0.135
2020-10-30 10:16:00,0.134
2020-10-30 11:16:00,0.136
2020-10-30 12:16:00,0.134
2020-10-30 13:16:00,0.133
2020-10-30 14:16:00,0.132
2020-10-30 15:16:00,0.131
2020-10-30 16:16:00,0.131
2020-10-30 17:16:00,0.132
2020-10-30 18:16:00,0.132
2020-10-30 19:16:00,0.133
2020-10-30 20:16:00,0.133
2020-10-30 21:16:00,0.134
2020-10-30 22:16:00,0.134
2020-10-30 23:16:00,0.135
2020-10-31 00:16:00,0.135
2020-10-31 01:16:00,0.135
2020-10-31 02:16:00,0.135
2020-10-31 03:16:00,0.136
2020-10-31 04:16:00,0.136
2020-10-31 05:16:00,0.136
2020-10-31 06:16:00,0.136
2020-10-31 07:16:00,0.136
2020-10-31 08:16:00,0.136
2020-10-31 09:16:00,0.136
2020-10-31 10:16:00,0.135
2020-10-31 11:16:00,0.134
2020-10-31 12:16:00,0.132
2020-10-31 13:16:00,0.131
2020-10-31 14:16:00,0.13
2020-10-31 15:16:00,0.129
2020-10-31 16:16:00,0.129
2020-10-31 17:16:00,0.13
2020-10-31 18:16:00,0.131
2020-10-31 19:16:00,0.131
2020-10-31 20:16:00,0.132
2020-10-31 21:16:00,0.133
2020-10-31 22:16:00,0.133
2020-10-31 23:16:00,0.133
2020-11-01 00:16:00,0.133
2020-11-01 01:16:00,0.134
2020-11-01 02:16:00,0.134
2020-11-01 03:16:00,0.134
2020-11-01 04:16:00,0.135
2020-11-01 05:16:00,0.135
2020-11-01 06:16:00,0.135
2020-11-01 07:16:00,0.135
2020-11-01 08:16:00,0.135
2020-11-01 09:16:00,0.135
2020-11-01 10:16:00,0.134
2020-11-01 11:16:00,0.133
2020-11-01 12:16:00,0.132
2020-11-01 13:16:00,0.131
2020-11-01 14:16:00,0.13
2020-11-01 15:16:00,0.129
2020-11-01 16:16:00,0.13
2020-11-01 17:16:00,0.13
2020-11-01 18:16:00,0.131
2020-11-01 19:16:00,0.131
2020-11-01 20:16:00,0.132
2020-11-01 21:16:00,0.133
2020-11-01 22:16:00,0.133
2020-11-01 23:16:00,0.134
2020-11-02 00:16:00,0.134
2020-11-02 01:16:00,0.134
2020-11-02 02:16:00,0.135
2020-11-02 03:16:00,0.134
2020-11-02 04:16:00,0.135
2020-11-02 05:16:00,0.135
2020-11-02 06:16:00,0.135
2020-11-02 07:16:00,0.135
2020-11-02 08:16:00,0.135
2020-11-02 09:16:00,0.134
2020-11-02 10:16:00,0.133
2020-11-02 11:16:00,0.132
2020-11-02 12:16:00,0.13
2020-11-02 13:16:00,0.129
2020-11-02 14:16:00,0.128
2020-11-02 15:16:00,0.127
2020-11-02 16:16:00,0.127
2020-11-02 17:16:00,0.128
2020-11-02 18:16:00,0.128
2020-11-02 19:16:00,0.129
2020-11-02 20:16:00,0.13
2020-11-02 21:16:00,0.13
2020-11-02 22:16:00,0.131
2020-11-02 23:16:00,0.131
2020-11-03 00:16:00,0.131
2020-11-03 01:16:00,0.132
2020-11-03 02:16:00,0.132
2020-11-03 03:16:00,0.132
2020-11-03 04:16:00,0.132
2020-11-03 05:16:00,0.131
2020-11-03 06:16:00,0.131
2020-11-03 07:16:00,0.131
2020-11-03 08:16:00,0.131
2020-11-03 09:16:00,0.131
2020-11-03 10:16:00,0.131
2020-11-03 11:16:00,0.13
2020-11-03 12:16:00,0.129
2020-11-03 13:16:00,0.128
2020-11-03 14:16:00,0.127
2020-11-03 15:16:00,0.126
2020-11-03 16:16:00,0.126
2020-11-03 17:16:00,0.127
2020-11-03 18:16:00,0.127
2020-11-03 19:16:00,0.128
2020-11-03 20:16:00,0.129
2020-11-03 21:16:00,0.129
2020-11-03 22:16:00,0.13
2020-11-03 23:16:00,0.13
2020-11-04 00:16:00,0.13
2020-11-04 01:16:00,0.131
2020-11-04 02:16:00,0.131
2020-11-04 03:16:00,0.131
2020-11-04 04:16:00,0.131
2020-11-04 05:16:00,0.131
2020-11-04 06:16:00,0.131
2020-11-04 07:16:00,0.131
2020-11-04 08:16:00,0.132
2020-11-04 09:16:00,0.132
2020-11-04 10:16:00,0.131
2020-11-04 11:16:00,0.131
2020-11-04 12:16:00,0.131
2020-11-04 13:16:00,0.13
2020-11-04 14:16:00,0.13
2020-11-04 15:16:00,0.129
2020-11-04 16:16:00,0.129
2020-11-04 17:16:00,0.13
2020-11-04 18:16:00,0.13
2020-11-04 19:16:00,0.131
2020-11-04 20:16:00,0.131
2020-11-04 21:16:00,0.132
2020-11-04 22:16:00,0.133
2020-11-04 23:16:00,0.133
2020-11-05 00:16:00,0.133
2020-11-05 01:16:00,0.133
2020-11-05 02:16:00,0.134
2020-11-05 03:16:00,0.134
2020-11-05 04:16:00,0.133
2020-11-05 05:16:00,0.134
2020-11-05 06:16:00,0.134
2020-11-05 07:16:00,0.134
2020-11-05 08:16:00,0.134
2020-11-05 09:16:00,0.134
2020-11-05 10:16:00,0.134
2020-11-05 11:16:00,0.134
2020-11-05 12:16:00,0.133
2020-11-05 13:16:00,0.132
2020-11-05 14:16:00,0.132
2020-11-05 16:29:00,0.132
2020-11-05 17:29:00,0.131
2020-11-05 18:29:00,0.132
2020-11-05 19:29:00,0.133
2020-11-05 20:29:00,0.133
2020-11-05 21:29:00,0.134
2020-11-05 22:29:00,0.135
2020-11-05 23:29:00,0.135
2020-11-06 00:29:00,0.135
2020-11-06 01:29:00,0.135
2020-11-06 02:29:00,0.135
2020-11-06 03:29:00,0.136
2020-11-06 04:29:00,0.136
2020-11-06 05:29:00,0.136
2020-11-06 06:29:00,0.136
2020-11-06 07:29:00,0.136
2020-11-06 08:29:00,0.136
2020-11-06 09:29:00,0.133
2020-11-06 10:29:00,0.133
2020-11-06 11:29:00,0.132
2020-11-06 12:29:00,0.131
2020-11-06 13:29:00,0.129
2020-11-06 14:29:00,0.128
2020-11-06 15:29:00,0.128
2020-11-06 16:29:00,0.128
2020-11-06 17:29:00,0.128
2020-11-06 18:29:00,0.129
2020-11-06 19:29:00,0.13
2020-11-06 20:29:00,0.13
2020-11-06 21:29:00,0.13
2020-11-06 22:29:00,0.131
2020-11-06 23:29:00,0.131
2020-11-07 00:29:00,0.131
2020-11-07 01:29:00,0.131
2020-11-07 02:29:00,0.132
2020-11-07 03:29:00,0.132
2020-11-07 04:29:00,0.132
2020-11-07 05:29:00,0.132
2020-11-07 06:29:00,0.132
2020-11-07 07:29:00,0.132
2020-11-07 08:29:00,0.132
2020-11-07 09:29:00,0.132
2020-11-07 10:29:00,0.131
2020-11-07 11:29:00,0.129
2020-11-07 12:29:00,0.128
2020-11-07 13:29:00,0.126
2020-11-07 14:29:00,0.125
2020-11-07 15:29:00,0.125
2020-11-07 16:29:00,0.125
2020-11-07 17:29:00,0.126
2020-11-07 18:29:00,0.126
2020-11-07 19:29:00,0.127
2020-11-07 20:29:00,0.128
2020-11-07 21:29:00,0.128
2020-11-07 22:29:00,0.129
2020-11-07 23:29:00,0.129
2020-11-08 00:29:00,0.129
2020-11-08 01:29:00,0.129
2020-11-08 02:29:00,0.13
2020-11-08 03:29:00,0.13
2020-11-08 04:29:00,0.13
2020-11-08 05:29:00,0.13
2020-11-08 06:29:00,0.13
2020-11-08 07:29:00,0.13
2020-11-08 08:29:00,0.13
2020-11-08 09:29:00,0.129
2020-11-08 10:29:00,0.128
2020-11-08 11:29:00,0.127
2020-11-08 12:29:00,0.125
2020-11-08 13:29:00,0.124
2020-11-08 14:29:00,0.123
2020-11-08 15:29:00,0.123
2020-11-08 16:29:00,0.123
2020-11-08 17:29:00,0.124
2020-11-08 18:29:00,0.124
2020-11-08 19:29:00,0.125
2020-11-08 20:29:00,0.126
2020-11-08 21:29:00,0.126
2020-11-08 22:29:00,0.126
2020-11-08 23:29:00,0.126
2020-11-09 00:29:00,0.127
2020-11-09 01:29:00,0.127
2020-11-09 02:29:00,0.127
2020-11-09 03:29:00,0.128
2020-11-09 04:29:00,0.128
2020-11-09 05:29:00,0.128
2020-11-09 06:29:00,0.128
2020-11-09 07:29:00,0.128
2020-11-09 08:29:00,0.128
2020-11-09 09:29:00,0.128
2020-11-09 10:29:00,0.126
2020-11-09 11:29:00,0.126
2020-11-09 12:29:00,0.124
2020-11-09 13:29:00,0.123
2020-11-09 14:29:00,0.122
2020-11-09 15:29:00,0.122
2020-11-09 16:29:00,0.122
2020-11-09 17:29:00,0.123
2020-11-09 18:29:00,0.123
2020-11-09 19:29:00,0.124
2020-11-09 20:29:00,0.124
2020-11-09 21:29:00,0.125
2020-11-09 22:29:00,0.125
2020-11-09 23:29:00,0.126
2020-11-10 00:29:00,0.126
2020-11-10 01:29:00,0.126
2020-11-10 02:29:00,0.126
2020-11-10 03:29:00,0.126
2020-11-10 04:29:00,0.127
2020-11-10 05:29:00,0.127
2020-11-10 06:29:00,0.127
2020-11-10 07:29:00,0.127
2020-11-10 08:29:00,0.127
2020-11-10 09:29:00,0.126
2020-11-10 10:29:00,0.126
2020-11-10 11:29:00,0.124
2020-11-10 12:29:00,0.123
2020-11-10 13:29:00,0.122
2020-11-10 14:29:00,0.121
2020-11-10 15:29:00,0.121
2020-11-10 16:29:00,0.121
2020-11-10 17:29:00,0.122
2020-11-10 18:29:00,0.122
2020-11-10 19:29:00,0.123
2020-11-10 20:29:00,0.123
2020-11-10 21:29:00,0.124
2020-11-10 22:29:00,0.124
2020-11-10 23:29:00,0.125
2020-11-11 00:29:00,0.125
2020-11-11 01:29:00,0.125
2020-11-11 02:29:00,0.125
2020-11-11 03:29:00,0.125
2020-11-11 04:29:00,0.125
2020-11-11 05:29:00,0.125
2020-11-11 06:29:00,0.126
2020-11-11 07:29:00,0.126
2020-11-11 08:29:00,0.125
2020-11-11 09:29:00,0.125
2020-11-11 10:29:00,0.124
2020-11-11 11:29:00,0.123
2020-11-11 12:29:00,0.122
2020-11-11 13:29:00,0.121
2020-11-11 14:29:00,0.12
2020-11-11 15:29:00,0.12
2020-11-11 16:29:00,0.12
2020-11-11 17:29:00,0.12
2020-11-11 18:29:00,0.121
2020-11-11 19:29:00,0.122
2020-11-11 20:29:00,0.122
2020-11-11 21:29:00,0.123
2020-11-11 22:29:00,0.123
2020-11-11 23:29:00,0.124
2020-11-12 00:29:00,0.124
2020-11-12 01:29:00,0.124
2020-11-12 02:29:00,0.124
2020-11-12 03:29:00,0.124
2020-11-12 04:29:00,0.124
2020-11-12 05:29:00,0.124
2020-11-12 06:29:00,0.124
2020-11-12 07:29:00,0.124
2020-11-12 08:29:00,0.124
2020-11-12 09:29:00,0.124
2020-11-12 10:29:00,0.123
2020-11-12 11:29:00,0.123
2020-11-12 12:29:00,0.122
2020-11-12 13:29:00,0.122
2020-11-12 14:29:00,0.121
2020-11-12 15:29:00,0.121
2020-11-12 16:29:00,0.121
2020-11-12 17:29:00,0.121
2020-11-12 18:29:00,0.121
2020-11-12 19:29:00,0.122
2020-11-12 20:29:00,0.122
2020-11-12 21:29:00,0.123
2020-11-12 22:29:00,0.123
2020-11-12 23:29:00,0.123
2020-11-13 00:29:00,0.124
2020-11-13 01:29:00,0.124
2020-11-13 02:29:00,0.124
2020-11-13 03:29:00,0.124
2020-11-13 04:29:00,0.124
2020-11-13 05:29:00,0.124
2020-11-13 06:29:00,0.124
2020-11-13 07:29:00,0.124
2020-11-13 08:29:00,0.124
2020-11-13 09:29:00,0.124
2020-11-13 10:29:00,0.124
2020-11-13 11:29:00,0.122
2020-11-13 12:29:00,0.111
2020-11-13 13:29:00,0.11
2020-11-13 15:09:00,0.109
2020-11-13 16:09:00,0.109
2020-11-13 17:09:00,0.112
2020-11-13 18:09:00,0.112
2020-11-13 19:09:00,0.113
2020-11-13 20:09:00,0.114
2020-11-13 21:09:00,0.114
2020-11-13 22:09:00,0.114
2020-11-13 23:09:00,0.115
2020-11-14 00:09:00,0.115
2020-11-14 01:09:00,0.115
2020-11-14 02:09:00,0.115
2020-11-14 03:09:00,0.115
2020-11-14 04:09:00,0.114
2020-11-14 05:09:00,0.114
2020-11-14 06:09:00,0.114
2020-11-14 07:09:00,0.114
2020-11-14 08:09:00,0.114
2020-11-14 09:09:00,0.113
2020-11-14 10:09:00,0.114
2020-11-14 11:09:00,0.113
2020-11-14 12:09:00,0.112
2020-11-14 13:09:00,0.112
2020-11-14 14:09:00,0.112
2020-11-14 15:09:00,0.111
2020-11-14 16:09:00,0.111
2020-11-14 17:09:00,0.112
2020-11-14 18:09:00,0.111
2020-11-14 19:09:00,0.112
2020-11-14 20:09:00,0.112
2020-11-14 21:09:00,0.113
2020-11-14 22:09:00,0.113
2020-11-14 23:09:00,0.113
2020-11-15 00:09:00,0.113
2020-11-15 01:09:00,0.113
2020-11-15 02:09:00,0.113
2020-11-15 03:09:00,0.113
2020-11-15 04:09:00,0.113
2020-11-15 05:09:00,0.113
2020-11-15 06:09:00,0.113
2020-11-15 07:09:00,0.114
2020-11-15 08:09:00,0.114
2020-11-15 09:09:00,0.114
2020-11-15 10:09:00,0.114
2020-11-15 11:09:00,0.113
2020-11-15 12:09:00,0.112
2020-11-15 13:09:00,0.111
2020-11-15 14:09:00,0.11
2020-11-15 15:09:00,0.11
2020-11-15 16:09:00,0.11
2020-11-15 17:09:00,0.11
2020-11-15 18:09:00,0.111
2020-11-15 19:09:00,0.111
2020-11-15 20:09:00,0.111
2020-11-15 21:09:00,0.111
2020-11-15 22:09:00,0.111
2020-11-15 23:09:00,0.112
2020-11-16 00:09:00,0.112
2020-11-16 01:09:00,0.111
2020-11-16 02:09:00,0.11
2020-11-16 03:09:00,0.11
2020-11-16 04:09:00,0.11
2020-11-16 05:09:00,0.11
2020-11-16 06:09:00,0.111
2020-11-16 07:09:00,0.111
2020-11-16 08:09:00,0.111
2020-11-16 09:09:00,0.111
2020-11-16 10:09:00,0.11
2020-11-16 11:09:00,0.111
2020-11-16 12:09:00,0.111
2020-11-16 13:09:00,0.11
2020-11-16 14:09:00,0.11
2020-11-16 15:09:00,0.11
2020-11-16 16:09:00,0.11
2020-11-16 17:09:00,0.11
2020-11-16 18:09:00,0.11
2020-11-16 19:09:00,0.111
2020-11-16 20:09:00,0.111
2020-11-16 21:09:00,0.111
2020-11-16 22:09:00,0.112
2020-11-16 23:09:00,0.112
2020-11-17 00:09:00,0.112
2020-11-17 01:09:00,0.113
2020-11-17 02:09:00,0.113
2020-11-17 03:09:00,0.113
2020-11-17 04:09:00,0.113
2020-11-17 05:09:00,0.113
2020-11-17 06:09:00,0.114
2020-11-17 07:09:00,0.114
2020-11-17 08:09:00,0.114
2020-11-17 09:09:00,0.115
2020-11-17 11:21:00,0.113
2020-11-17 12:21:00,0.112
2020-11-17 13:21:00,0.111
2020-11-17 14:21:00,0.111
2020-11-17 15:21:00,0.111
2020-11-17 16:21:00,0.111
2020-11-17 17:21:00,0.111
2020-11-17 18:21:00,0.112
2020-11-17 19:21:00,0.113
2020-11-17 20:21:00,0.113
2020-11-17 21:21:00,0.114
2020-11-17 22:21:00,0.114
2020-11-17 23:21:00,0.114
2020-11-18 00:21:00,0.113
2020-11-18 01:21:00,0.113
2020-11-18 02:21:00,0.114
2020-11-18 03:21:00,0.114
2020-11-18 04:21:00,0.114
2020-11-18 05:21:00,0.114
2020-11-18 06:21:00,0.114
2020-11-18 07:21:00,0.114
2020-11-18 08:21:00,0.114
2020-11-18 09:21:00,0.113
2020-11-18 10:21:00,0.113
2020-11-18 11:21:00,0.112
2020-11-18 12:38:00,0.11
2020-11-18 13:48:00,0.109
2020-11-18 14:48:00,0.108
2020-11-18 15:48:00,0.108
2020-11-18 16:48:00,0.108
2020-11-18 17:48:00,0.108
2020-11-18 18:48:00,0.109
2020-11-18 19:48:00,0.109
2020-11-18 20:48:00,0.11
2020-11-18 21:48:00,0.11
2020-11-18 22:48:00,0.111
2020-11-18 23:48:00,0.111
2020-11-19 00:48:00,0.111
2020-11-19 01:48:00,0.111
2020-11-19 02:48:00,0.112
2020-11-19 03:48:00,0.112
2020-11-19 04:48:00,0.112
2020-11-19 05:48:00,0.112
2020-11-19 06:48:00,0.113
2020-11-19 07:48:00,0.113
2020-11-19 08:48:00,0.113
2020-11-19 09:48:00,0.112
2020-11-19 10:48:00,0.111
2020-11-19 11:48:00,0.11
2020-11-19 12:48:00,0.109
2020-11-19 13:48:00,0.106
2020-11-19 14:48:00,0.106
2020-11-19 15:48:00,0.106
2020-11-19 16:48:00,0.107
2020-11-19 17:48:00,0.107
2020-11-19 18:48:00,0.108
2020-11-19 19:48:00,0.109
2020-11-19 20:48:00,0.11
2020-11-19 21:48:00,0.11
2020-11-19 22:48:00,0.111
2020-11-19 23:48:00,0.111
2020-11-20 00:48:00,0.111
2020-11-20 01:48:00,0.111
2020-11-20 02:48:00,0.111
2020-11-20 03:48:00,0.112
2020-11-20 04:48:00,0.112
2020-11-20 05:48:00,0.112
2020-11-20 06:48:00,0.112
2020-11-20 07:48:00,0.112
2020-11-20 08:48:00,0.112
2020-11-20 09:48:00,0.111
2020-11-20 10:48:00,0.111
2020-11-20 11:48:00,0.111
2020-11-20 12:48:00,0.111
2020-11-20 13:48:00,0.111
2020-11-20 14:48:00,0.112
2020-11-20 15:48:00,0.112
2020-11-20 16:48:00,0.113
2020-11-20 17:48:00,0.114
2020-11-20 18:48:00,0.114
2020-11-20 19:48:00,0.114
2020-11-20 20:48:00,0.114
2020-11-20 21:48:00,0.114
2020-11-20 22:48:00,0.113
2020-11-20 23:48:00,0.113
2020-11-21 00:48:00,0.113
2020-11-21 01:48:00,0.113
2020-11-21 02:48:00,0.114
2020-11-21 03:48:00,0.114
2020-11-21 04:48:00,0.114
2020-11-21 05:48:00,0.114
2020-11-21 06:48:00,0.115
2020-11-21 07:48:00,0.115
2020-11-21 08:48:00,0.115
2020-11-21 09:48:00,0.114
2020-11-21 10:48:00,0.114
2020-11-21 11:48:00,0.114
2020-11-21 12:48:00,0.112
2020-11-21 13:48:00,0.111
2020-11-21 14:48:00,0.111
2020-11-21 15:48:00,0.111
2020-11-21 16:48:00,0.111
2020-11-21 17:48:00,0.112
2020-11-21 18:48:00,0.112
2020-11-21 19:48:00,0.113
2020-11-21 20:48:00,0.113
2020-11-21 21:48:00,0.113
2020-11-21 22:48:00,0.113
2020-11-21 23:48:00,0.113
2020-11-22 00:48:00,0.113
2020-11-22 01:48:00,0.113
2020-11-22 02:48:00,0.113
2020-11-22 03:48:00,0.114
2020-11-22 04:48:00,0.113
2020-11-22 05:48:00,0.113
2020-11-22 06:48:00,0.112
2020-11-22 07:48:00,0.112
2020-11-22 08:48:00,0.112
2020-11-22 09:48:00,0.112
2020-11-22 10:48:00,0.111
2020-11-22 11:48:00,0.11
2020-11-22 12:48:00,0.109
2020-11-22 13:48:00,0.108
2020-11-22 14:48:00,0.107
2020-11-22 15:48:00,0.107
2020-11-22 16:48:00,0.107
2020-11-22 17:48:00,0.107
2020-11-22 18:48:00,0.108
2020-11-22 19:48:00,0.108
2020-11-22 20:48:00,0.108
2020-11-22 21:48:00,0.109
2020-11-22 22:48:00,0.109
2020-11-22 23:48:00,0.109
2020-11-23 00:48:00,0.11
2020-11-23 01:48:00,0.11
2020-11-23 02:48:00,0.11
2020-11-23 03:48:00,0.111
2020-11-23 04:48:00,0.111
2020-11-23 05:48:00,0.111
2020-11-23 06:48:00,0.111
2020-11-23 07:48:00,0.111
2020-11-23 08:48:00,0.111
2020-11-23 09:48:00,0.111
2020-11-23 10:48:00,0.11
2020-11-23 11:48:00,0.108
2020-11-23 12:48:00,0.107
2020-11-23 13:48:00,0.106
2020-11-23 14:48:00,0.105
2020-11-23 15:48:00,0.105
2020-11-23 16:48:00,0.105
2020-11-23 17:48:00,0.106
2020-11-23 18:48:00,0.107
2020-11-23 19:48:00,0.107
2020-11-23 20:48:00,0.107
2020-11-23 21:48:00,0.108
2020-11-23 22:48:00,0.108
2020-11-23 23:48:00,0.108
2020-11-24 00:48:00,0.109
2020-11-24 01:48:00,0.109
2020-11-24 02:48:00,0.109
2020-11-24 03:48:00,0.11
2020-11-24 04:48:00,0.11
2020-11-24 05:48:00,0.11
2020-11-24 06:48:00,0.11
2020-11-24 07:48:00,0.11
2020-11-24 08:48:00,0.12
2020-11-24 12:10:00,0.0702
2020-11-24 13:10:00,0.0867
2020-11-24 14:10:00,0.0858
2020-11-24 15:10:00,0.0853
2020-11-24 16:10:00,0.0852
2020-11-24 17:10:00,0.0855
2020-11-24 18:10:00,0.086
2020-11-24 19:10:00,0.0862
2020-11-24 20:10:00,0.0862
2020-11-24 21:10:00,0.0864
2020-11-24 22:10:00,0.0867
2020-11-24 23:10:00,0.087
2020-11-25 00:10:00,0.0872
2020-11-25 01:10:00,0.0872
2020-11-25 02:10:00,0.0875
2020-11-25 03:10:00,0.0876
2020-11-25 04:10:00,0.0877
2020-11-25 05:10:00,0.088
2020-11-25 06:10:00,0.088
2020-11-25 07:10:00,0.0883
2020-11-25 08:10:00,0.0881
2020-11-25 09:10:00,0.0881
2020-11-25 10:10:00,0.0885
2020-11-25 11:10:00,0.0905
2020-11-25 12:10:00,0.0922
2020-11-25 13:10:00,0.0934
2020-11-25 14:10:00,0.0949
2020-11-25 15:10:00,0.0964
2020-11-25 16:10:00,0.107
2020-11-25 17:10:00,0.119
2020-11-25 18:10:00,0.117
2020-11-25 19:10:00,0.117
2020-11-25 20:10:00,0.118
2020-11-25 21:10:00,0.118
2020-11-25 22:10:00,0.118
2020-11-25 23:10:00,0.118
2020-11-26 00:10:00,0.118
2020-11-26 01:10:00,0.118
2020-11-26 02:10:00,0.118
2020-11-26 03:10:00,0.118
2020-11-26 04:10:00,0.118
2020-11-26 05:10:00,0.118
2020-11-26 06:10:00,0.118
2020-11-26 07:10:00,0.118
2020-11-26 08:10:00,0.118
2020-11-26 09:10:00,0.117
2020-11-26 10:10:00,0.118
2020-11-26 11:10:00,0.117
2020-11-26 12:10:00,0.132
2020-11-26 13:10:00,0.128
2020-11-26 14:10:00,0.127
2020-11-26 15:10:00,0.126
2020-11-26 16:10:00,0.134
2020-11-26 17:10:00,0.134
2020-11-26 18:10:00,0.133
2020-11-26 19:10:00,0.132
2020-11-26 20:10:00,0.131
2020-11-26 21:10:00,0.13
2020-11-26 22:10:00,0.129
2020-11-26 23:10:00,0.129
2020-11-27 00:10:00,0.128
2020-11-27 01:10:00,0.128
2020-11-27 02:10:00,0.127
2020-11-27 03:10:00,0.127
2020-11-27 04:10:00,0.126
2020-11-27 05:10:00,0.126
2020-11-27 06:10:00,0.125
2020-11-27 07:10:00,0.125
2020-11-27 08:10:00,0.125
2020-11-27 09:10:00,0.124
2020-11-27 10:10:00,0.124
2020-11-27 11:10:00,0.123
2020-11-27 12:10:00,0.129
2020-11-27 13:10:00,0.128
2020-11-27 14:10:00,0.128
2020-11-27 15:10:00,0.127
2020-11-27 16:10:00,0.126
2020-11-27 17:10:00,0.126
2020-11-27 18:10:00,0.126
2020-11-27 19:10:00,0.127
2020-11-27 20:10:00,0.127
2020-11-27 21:10:00,0.126
2020-11-27 22:10:00,0.127
2020-11-27 23:10:00,0.127
2020-11-28 00:10:00,0.127
2020-11-28 01:10:00,0.126
2020-11-28 02:10:00,0.126
2020-11-28 03:10:00,0.126
2020-11-28 04:10:00,0.126
2020-11-28 05:10:00,0.126
2020-11-28 06:10:00,0.126
2020-11-28 07:10:00,0.126
2020-11-28 08:10:00,0.126
2020-11-28 09:10:00,0.126
2020-11-28 10:10:00,0.126
2020-11-28 11:10:00,0.125
2020-11-28 12:10:00,0.125
2020-11-28 13:10:00,0.125
2020-11-28 14:10:00,0.125
2020-11-28 15:10:00,0.124
2020-11-28 16:10:00,0.124
2020-11-28 17:10:00,0.124
2020-11-28 18:10:00,0.125
2020-11-28 19:10:00,0.125
2020-11-28 20:10:00,0.126
2020-11-28 21:10:00,0.126
2020-11-28 22:10:00,0.126
2020-11-28 23:10:00,0.127
2020-11-29 00:10:00,0.127
2020-11-29 01:10:00,0.127
2020-11-29 02:10:00,0.127
2020-11-29 03:10:00,0.127
2020-11-29 04:10:00,0.127
2020-11-29 05:10:00,0.127
2020-11-29 06:10:00,0.127
2020-11-29 07:10:00,0.127
2020-11-29 08:10:00,0.126
2020-11-29 09:10:00,0.126
2020-11-29 10:10:00,0.126
2020-11-29 11:10:00,0.126
2020-11-29 12:10:00,0.125
2020-11-29 13:10:00,0.124
2020-11-29 14:10:00,0.124
2020-11-29 15:10:00,0.123
2020-11-29 16:10:00,0.122
2020-11-29 17:10:00,0.123
2020-11-29 18:10:00,0.123
2020-11-29 19:10:00,0.124
2020-11-29 20:10:00,0.124
2020-11-29 21:10:00,0.124
2020-11-29 22:10:00,0.124
2020-11-29 23:10:00,0.125
2020-11-30 00:10:00,0.125
2020-11-30 01:10:00,0.125
2020-11-30 02:10:00,0.125
2020-11-30 03:10:00,0.125
2020-11-30 04:10:00,0.125
2020-11-30 05:10:00,0.126
2020-11-30 06:10:00,0.125
2020-11-30 07:10:00,0.126
2020-11-30 08:10:00,0.126
2020-11-30 09:10:00,0.126
2020-11-30 10:10:00,0.125
2020-11-30 11:10:00,0.125
2020-11-30 12:10:00,0.124
2020-11-30 13:10:00,0.123
2020-11-30 14:10:00,0.123
2020-11-30 15:10:00,0.122
2020-11-30 16:10:00,0.122
2020-11-30 17:10:00,0.122
2020-11-30 18:10:00,0.122
2020-11-30 19:10:00,0.122
2020-11-30 20:10:00,0.123
2020-11-30 21:10:00,0.123
2020-11-30 22:10:00,0.124
2020-11-30 23:10:00,0.124
2020-12-01 00:10:00,0.124
2020-12-01 01:10:00,0.124
2020-12-01 02:10:00,0.124
2020-12-01 03:10:00,0.125
2020-12-01 04:10:00,0.124
2020-12-01 05:10:00,0.124
2020-12-01 06:10:00,0.124
2020-12-01 07:10:00,0.124
2020-12-01 08:10:00,0.124
2020-12-01 09:10:00,0.124
